distance,hour,rain,snow,price,is_peak,is_night,hour_sin,hour_cos,traffic_encoded,distance_squared,distance_log,distance_bucket,distance_traffic,distance_peak,traffic_peak,rain_peak,demand_score
17.26340795997734,0,1,1,358.12,0,1,0.0,1.0,0,298.025254392609,2.904899493019733,2,0.0,0.0,0,0,2.8
31.59682143203523,0,0,1,717.9,0,1,0.0,1.0,0,998.3591246079209,3.4842147815342157,3,0.0,0.0,0,0,1.3
41.4548249528721,11,1,0,754.89,0,0,0.258819045102521,-0.9659258262890682,0,1718.5025118732674,3.748440568321218,4,0.0,0.0,0,0,1.5
46.901923526627094,10,0,0,1554.83,1,0,0.49999999999999994,-0.8660254037844387,1,2199.790430497576,3.8691556607426834,4,46.901923526627094,46.901923526627094,1,0,3.2
40.35308414277289,20,0,1,2381.21,1,0,-0.8660254037844386,0.5000000000000001,2,1628.3713998337091,3.722147004970577,4,80.70616828554579,40.35308414277289,2,0,5.699999999999999
21.907025050174433,0,0,0,378.68,0,1,0.0,1.0,2,479.9177465489701,3.1314436342656435,2,43.814050100348865,0.0,0,0,2.4
32.110797530291144,19,0,1,1486.76,1,0,-0.9659258262890684,0.2588190451025203,0,1031.1033180313518,3.499859438562662,3,0.0,32.110797530291144,0,0,3.3
42.95866700908973,11,0,1,1070.44,0,0,0.258819045102521,-0.9659258262890682,1,1845.4470711978543,3.7832498062615194,4,42.95866700908973,0.0,0,0,2.5
25.039874727275233,16,0,0,401.1,0,0,-0.8660254037844385,-0.5000000000000004,1,626.9953263576369,3.2596290065482756,3,25.039874727275233,0.0,0,0,1.2
11.617645541564242,14,1,0,259.09,0,0,-0.4999999999999997,-0.8660254037844388,0,134.9696879294275,2.5350962740628606,1,0.0,0.0,0,0,1.5
9.316448547645775,1,0,1,278.94,0,1,0.25881904510252074,0.9659258262890683,1,86.79621354093108,2.3337395678460138,1,9.316448547645775,0.0,0,0,2.5
1.0077294843247797,17,1,0,161.92,1,0,-0.9659258262890683,-0.25881904510252063,0,1.0155187135774864,0.6970044737923052,0,0.0,1.0077294843247797,0,1,3.5
36.19366175408293,15,1,0,879.84,0,0,-0.7071067811865471,-0.7071067811865479,2,1309.9811511689657,3.6161383638075164,4,72.38732350816586,0.0,0,0,3.9
6.443763233453534,3,0,1,228.52,0,1,0.7071067811865476,0.7071067811865476,1,41.522084608807546,2.0073765319138186,1,6.443763233453534,0.0,0,0,2.5
12.94811588510108,7,1,1,690.68,1,0,0.9659258262890683,-0.25881904510252063,1,167.65370497400693,2.6353444371457586,2,12.94811588510108,12.94811588510108,1,1,6.0
15.595940244616875,1,1,0,321.09,0,1,0.25881904510252074,0.9659258262890683,0,243.23335211366026,2.8091581018746523,2,0.0,0.0,0,0,1.5
28.458613146701648,13,0,0,383.24,0,0,-0.2588190451025208,-0.9659258262890683,0,809.8926622336198,3.3829863341185646,3,0.0,0.0,0,0,0.0
20.499906587492692,14,0,1,486.55,0,0,-0.4999999999999997,-0.8660254037844388,0,420.2461700959263,3.0680485903563968,2,0.0,0.0,0,0,1.3
34.05902560913493,8,1,1,1577.69,1,0,0.8660254037844387,-0.4999999999999998,1,1160.0172254437089,3.557033087011471,3,34.05902560913493,34.05902560913493,1,1,6.0
3.726294307106433,1,1,1,152.83,0,1,0.25881904510252074,0.9659258262890683,2,13.88526926317381,1.5531414508643706,0,7.452588614212866,0.0,0,0,5.199999999999999
7.073020518957533,16,1,1,179.85,0,0,-0.8660254037844385,-0.5000000000000004,0,50.02761926159428,2.0885277020865383,1,0.0,0.0,0,0,2.8
25.46136367313007,9,0,0,892.96,1,0,0.7071067811865476,-0.7071067811865475,1,648.2810400953875,3.2756856945141477,3,25.46136367313007,25.46136367313007,1,0,3.2
17.511274604494663,8,0,0,565.34,1,0,0.8660254037844387,-0.4999999999999998,0,306.6447382740197,2.9183799845331015,2,0.0,17.511274604494663,0,0,2.0
15.494854774816627,1,0,0,223.83,0,1,0.25881904510252074,0.9659258262890683,0,240.09052449265764,2.803048500447585,2,0.0,0.0,0,0,0.0
4.284375872838614,23,0,0,95.59,0,1,-0.25881904510252157,0.9659258262890681,1,18.355876619761634,1.6647545182782755,0,4.284375872838614,0.0,0,0,1.2
44.89023956265207,18,0,0,1495.99,1,0,-1.0,-1.8369701987210297e-16,1,2015.133607992293,3.8262524487603438,4,44.89023956265207,44.89023956265207,1,0,3.2
34.89911072012749,16,0,0,461.4,0,0,-0.8660254037844385,-0.5000000000000004,0,1217.9479290557174,3.5807125241603366,3,0.0,0.0,0,0,0.0
6.95928968416282,10,0,1,435.01,1,0,0.49999999999999994,-0.8660254037844387,0,48.43171290809504,2.074339760216616,1,0.0,6.95928968416282,0,0,3.3
4.18725192911989,16,1,1,129.07,0,0,-0.8660254037844385,-0.5000000000000004,0,17.533078717918244,1.6462040635208102,0,0.0,0.0,0,0,2.8
48.76875413813091,9,0,1,2190.65,1,0,0.7071067811865476,-0.7071067811865475,0,2378.3913801854605,3.9073873601707882,4,0.0,48.76875413813091,0,0,3.3
34.37745497153574,17,0,0,1319.34,1,0,-0.9659258262890683,-0.25881904510252063,2,1181.8094103199674,3.5660747520440808,3,68.75490994307148,34.37745497153574,2,0,4.4
21.455347483593332,22,1,0,489.12,0,1,-0.5000000000000004,0.8660254037844384,1,460.33193564173473,3.111528781084558,2,21.455347483593332,0.0,0,0,2.7
35.38482099703346,5,1,0,677.66,0,1,0.9659258262890683,0.25881904510252074,0,1252.0855569920998,3.5941516820956867,4,0.0,0.0,0,0,1.5
38.0602575375278,15,0,1,831.88,0,0,-0.7071067811865471,-0.7071067811865479,0,1448.5832038229414,3.6651055188094848,4,0.0,0.0,0,0,1.3
39.21814791705019,17,0,0,1494.28,1,0,-0.9659258262890683,-0.25881904510252063,2,1538.063126043628,3.6943183344789112,4,78.43629583410038,39.21814791705019,2,0,4.4
24.415987976999823,19,1,0,1161.73,1,0,-0.9659258262890684,0.2588190451025203,1,596.1404688929999,3.2353784239186227,2,24.415987976999823,24.415987976999823,1,1,4.7
22.064255148117553,17,0,0,794.71,1,0,-0.9659258262890683,-0.25881904510252063,1,486.83135524123196,3.1382840228884015,2,22.064255148117553,22.064255148117553,1,0,3.2
1.5403761291761167,0,1,1,79.93,0,1,0.0,1.0,0,2.3727586193355963,0.9323121524201378,0,0.0,0.0,0,0,2.8
46.40129864195006,2,0,1,1304.6,0,1,0.49999999999999994,0.8660254037844387,2,2153.080515659437,3.8586496258352208,4,92.80259728390013,0.0,0,0,3.7
30.562086041058212,14,0,1,689.12,0,0,-0.4999999999999997,-0.8660254037844388,0,934.0411031810452,3.4519565914187402,3,0.0,0.0,0,0,1.3
10.954542922308438,19,0,0,423.95,1,0,-0.9659258262890684,0.2588190451025203,1,120.00201063669789,2.4811113669973186,1,10.954542922308438,10.954542922308438,1,0,3.2
46.060567551650394,9,0,0,1723.33,1,0,0.7071067811865476,-0.7071067811865475,2,2121.575883180149,3.85143544339756,4,92.12113510330079,46.060567551650394,2,0,4.4
45.83166318674452,20,0,0,1330.34,1,0,-0.8660254037844386,0.5000000000000001,0,2100.541350463193,3.846559537976805,4,0.0,45.83166318674452,0,0,2.0
49.4700240539387,4,0,0,641.76,0,1,0.8660254037844386,0.5000000000000001,0,2447.2832798972736,3.921379576950803,4,0.0,0.0,0,0,0.0
43.82877159380996,14,1,0,818.57,0,0,-0.4999999999999997,-0.8660254037844388,0,1920.961219422363,3.8028501563600674,4,0.0,0.0,0,0,1.5
49.89143500318317,22,0,0,639.81,0,1,-0.5000000000000004,0.8660254037844384,0,2489.1552866768507,3.9296946383400093,4,0.0,0.0,0,0,0.0
12.989623218040357,13,0,0,215.16,0,0,-0.2588190451025208,-0.9659258262890683,0,168.73031134665314,2.638315856080283,2,0.0,0.0,0,0,0.0
42.27022967476247,14,1,0,1028.37,0,0,-0.4999999999999997,-0.8660254037844388,2,1786.7723167571696,3.767464862167298,4,84.54045934952494,0.0,0,0,3.9
41.32838713099246,9,0,0,1197.51,1,0,0.7071067811865476,-0.7071067811865475,0,1708.0355828491831,3.745457951538849,4,0.0,41.32838713099246,0,0,2.0
12.316077601815953,23,1,1,319.18,0,1,-0.25881904510252157,0.9659258262890681,1,151.6857674939526,2.58897214740802,2,12.316077601815953,0.0,0,0,4.0
5.823439901048548,8,1,1,431.98,1,0,0.8660254037844387,-0.4999999999999998,2,33.912452281124324,1.9203637290143258,1,11.646879802097097,5.823439901048548,2,1,7.199999999999999
48.991605170202384,11,0,1,1373.83,0,0,0.258819045102521,-0.9659258262890682,2,2400.177377153001,3.9118550947359823,4,97.98321034040477,0.0,0,0,3.7
15.505203024509907,6,0,0,248.92,0,0,1.0,6.123233995736766e-17,1,240.41132083127115,2.8036756660177424,2,15.505203024509907,0.0,0,0,1.2
43.6736977329225,4,1,0,808.99,0,1,0.8660254037844386,0.5000000000000001,0,1907.3918736666799,3.7993849108259443,4,0.0,0.0,0,0,1.5
1.2022305790555907,23,0,1,82.15,0,1,-0.25881904510252157,0.9659258262890681,0,1.4453583652163409,0.7894707462859865,0,0.0,0.0,0,0,1.3
2.0302155537605078,9,0,0,149.28,1,0,0.7071067811865476,-0.7071067811865475,0,4.121775194731085,1.1086337568459113,0,0.0,2.0302155537605078,0,0,2.0
23.82769412612205,7,1,1,1145.95,1,0,0.9659258262890683,-0.25881904510252063,1,567.7590073680312,3.2119597287607626,2,23.82769412612205,23.82769412612205,1,1,6.0
12.697019512818114,21,1,0,577.75,1,0,-0.7071067811865477,0.7071067811865474,0,161.21430450888394,2.6171782553569196,2,0.0,12.697019512818114,0,1,3.5
34.80222288836225,19,1,1,1399.69,1,0,-0.9659258262890684,0.2588190451025203,0,1211.1947179712454,3.5780099833327292,3,0.0,34.80222288836225,0,1,4.8
28.712651952829763,15,0,1,657.84,0,0,-0.7071067811865471,-0.7071067811865479,0,824.4163821643388,3.3915729467777287,3,0.0,0.0,0,0,1.3
4.796804075074081,11,0,1,202.59,0,0,0.258819045102521,-0.9659258262890682,1,23.00932933464731,1.757306744145263,0,4.796804075074081,0.0,0,0,2.5
8.968786519470136,8,0,1,503.85,1,0,0.8660254037844387,-0.4999999999999998,0,80.43913163182924,2.2994588633735313,1,0.0,8.968786519470136,0,0,3.3
20.0144142328623,9,0,0,624.16,1,0,0.7071067811865476,-0.7071067811865475,0,400.576777084601,3.0452085943052065,2,0.0,20.0144142328623,0,0,2.0
10.094599133816224,15,0,0,150.82,0,0,-0.7071067811865471,-0.7071067811865479,0,101.90093167244326,2.4064584253862997,1,0.0,0.0,0,0,0.0
39.8188950149525,9,0,0,1342.71,1,0,0.7071067811865476,-0.7071067811865475,1,1585.5444002118093,3.709145087317917,4,39.8188950149525,39.8188950149525,1,0,3.2
21.38744154211072,8,0,0,756.31,1,0,0.8660254037844387,-0.4999999999999998,1,457.42265571720344,3.108500156199087,2,21.38744154211072,21.38744154211072,1,0,3.2
5.578161475282464,2,0,0,115.41,0,1,0.49999999999999994,0.8660254037844387,0,31.115885444325432,1.883755295243388,1,0.0,0.0,0,0,0.0
24.732802211334118,18,0,0,994.75,1,0,-1.0,-1.8369701987210297e-16,2,611.7115052249738,3.2477665286936963,2,49.465604422668235,24.732802211334118,2,0,4.4
5.451070872009295,10,0,1,376.54,1,0,0.49999999999999994,-0.8660254037844387,0,29.714173651668172,1.864246143694887,1,0.0,5.451070872009295,0,0,3.3
7.317927965571042,5,1,0,178.32,0,1,0.9659258262890683,0.25881904510252074,0,53.55206970928673,2.1184131812172247,1,0.0,0.0,0,0,1.5
12.74088176938206,5,0,0,187.66,0,1,0.9659258262890683,0.25881904510252074,0,162.33006826137213,2.620375460090371,2,0.0,0.0,0,0,0.0
43.116857557127,14,1,0,919.41,0,0,-0.4999999999999997,-0.8660254037844388,1,1859.0634056015795,3.786841966942228,4,43.116857557127,0.0,0,0,2.7
46.30601408431562,14,1,0,995.27,0,0,-0.4999999999999997,-0.8660254037844388,1,2144.2469403768364,3.8566374350752586,4,46.30601408431562,0.0,0,0,2.7
41.48662873727139,12,0,0,524.26,0,0,1.2246467991473532e-16,-1.0,0,1721.1403639841922,3.749189408481206,4,0.0,0.0,0,0,0.0
17.369783653474514,21,0,1,1005.91,1,0,-0.7071067811865477,0.7071067811865474,1,301.70938416851044,2.9107071219924414,2,17.369783653474514,17.369783653474514,1,0,4.5
14.34987561433275,4,0,0,204.73,0,1,0.8660254037844386,0.5000000000000001,0,205.91893014682174,2.731107370699576,2,0.0,0.0,0,0,0.0
27.90862884872172,13,1,0,698.46,0,0,-0.2588190451025208,-0.9659258262890683,2,778.8915642157021,3.3641401266337554,3,55.81725769744344,0.0,0,0,3.9
36.370804866122505,20,0,0,1238.7,1,0,-0.8660254037844386,0.5000000000000001,1,1322.8354466095604,3.620889781026296,4,36.370804866122505,36.370804866122505,1,0,3.2
49.675266619848564,1,1,0,1041.26,0,1,0.25881904510252074,0.9659258262890683,1,2467.632113753041,3.9254379536927195,4,49.675266619848564,0.0,0,0,2.7
7.446964882067385,22,1,1,212.0,0,1,-0.5000000000000004,0.8660254037844384,1,55.4572859547449,2.1338071912923446,1,7.446964882067385,0.0,0,0,4.0
3.415307952166417,11,1,0,150.57,0,0,0.258819045102521,-0.9659258262890682,2,11.664328408131166,1.4850775829634835,0,6.830615904332834,0.0,0,0,3.9
35.02343856076828,19,0,0,1346.02,1,0,-0.9659258262890684,0.2588190451025203,2,1226.6412486199104,3.5841697977337024,4,70.04687712153655,35.02343856076828,2,0,4.4
41.77906339169137,13,1,0,895.65,0,0,-0.2588190451025208,-0.9659258262890683,1,1745.4901378869663,3.756048809812239,4,41.77906339169137,0.0,0,0,2.7
42.47109021345474,18,1,1,1686.39,1,0,-1.0,-1.8369701987210297e-16,0,1803.7935039194108,3.772096124360808,4,0.0,42.47109021345474,0,1,4.8
34.24471390478087,23,0,0,447.32,0,1,-0.25881904510252157,0.9659258262890681,0,1172.7004304202924,3.56231555786507,3,0.0,0.0,0,0,0.0
47.74677440184016,19,0,1,2154.42,1,0,-0.9659258262890684,0.2588190451025203,0,2279.754465780219,3.8866390291386828,4,0.0,47.74677440184016,0,0,3.3
26.03923341368476,14,0,0,407.98,0,0,-0.4999999999999997,-0.8660254037844388,1,678.0416767723568,3.297288900687269,3,26.03923341368476,0.0,0,0,1.2
45.77692511847441,19,0,0,1328.27,1,0,-0.9659258262890684,0.2588190451025203,0,2095.526873302413,3.845390028308939,4,0.0,45.77692511847441,0,0,2.0
48.422794712584626,23,1,1,1166.87,0,1,-0.25881904510252157,0.9659258262890681,2,2344.7670477771135,3.9004117491959716,4,96.84558942516925,0.0,0,0,5.199999999999999
42.51071539315228,16,0,0,552.39,0,0,-0.8660254037844385,-0.5000000000000004,0,1807.1609232375943,3.7730072386372333,4,0.0,0.0,0,0,0.0
16.178169599672408,13,1,0,437.59,0,0,-0.2588190451025208,-0.9659258262890683,2,261.7331715957645,2.8436393683697156,2,32.356339199344816,0.0,0,0,3.9
10.614566907344468,22,1,0,230.87,0,1,-0.5000000000000004,0.8660254037844384,0,112.6690306304923,2.4522600781698394,1,0.0,0.0,0,0,1.5
27.857883184109102,17,0,0,979.34,1,0,-0.9659258262890683,-0.25881904510252063,1,776.0616554994687,3.3623832029116802,3,27.857883184109102,27.857883184109102,1,0,3.2
23.197722768629234,21,0,1,1131.05,1,0,-0.7071067811865477,0.7071067811865474,0,538.1343416501792,3.1862585282650473,2,0.0,23.197722768629234,0,0,3.3
44.01015876744392,23,0,0,650.46,0,1,-0.25881904510252157,0.9659258262890681,1,1936.8940747356207,3.806888214680178,4,44.01015876744392,0.0,0,0,1.2
5.901551882290532,4,1,1,163.23,0,1,0.8660254037844386,0.5000000000000001,0,34.82831461936692,1.9317462967915326,1,0.0,0.0,0,0,2.8
13.629263004264413,21,0,0,453.61,1,0,-0.7071067811865477,0.7071067811865474,0,185.7568100394106,2.6830238381147717,2,0.0,13.629263004264413,0,0,2.0
37.83814828141672,11,0,0,636.51,0,0,0.258819045102521,-0.9659258262890682,2,1431.7254653664793,3.6594029667309114,4,75.67629656283344,0.0,0,0,2.4
5.654345603888294,9,0,1,379.0,1,0,0.7071067811865476,-0.7071067811865475,0,31.97162420821088,1.8952701155153409,1,0.0,5.654345603888294,0,0,3.3
16.71745628706331,7,1,0,758.72,1,0,0.9659258262890683,-0.25881904510252063,0,279.4733447098726,2.87455038448113,2,0.0,16.71745628706331,0,1,3.5
19.970614308645175,5,1,0,415.45,0,1,0.9659258262890683,0.25881904510252074,0,398.8254358646634,3.043122139126865,2,0.0,0.0,0,0,1.5
31.50709603157181,14,0,0,555.07,0,0,-0.4999999999999997,-0.8660254037844388,2,992.697100342688,3.4814584049360855,3,63.01419206314362,0.0,0,0,2.4
8.748499640248864,11,0,0,149.13,0,0,0.258819045102521,-0.9659258262890682,0,76.53624595543451,2.2771133901171456,1,0.0,0.0,0,0,0.0
43.169620027135764,5,1,1,916.77,0,1,0.9659258262890683,0.25881904510252074,1,1863.6160932872813,3.788037223061489,4,43.169620027135764,0.0,0,0,4.0
22.92956953784744,11,0,0,323.45,0,0,0.258819045102521,-0.9659258262890682,0,525.7651591909812,3.1751149133693306,2,0.0,0.0,0,0,0.0
45.93406388214727,14,0,0,568.47,0,0,-0.4999999999999997,-0.8660254037844388,0,2109.9382247291865,3.84874372060544,4,0.0,0.0,0,0,0.0
23.92562576806265,11,0,1,721.78,0,0,0.258819045102521,-0.9659258262890682,2,572.4355683933834,3.2158964215733783,2,47.8512515361253,0.0,0,0,3.7
14.476972688095934,8,0,0,489.66,1,0,0.8660254037844387,-0.4999999999999998,0,209.5827382118756,2.739353286252186,2,0.0,14.476972688095934,0,0,2.0
7.949612605696069,18,0,0,351.55,1,0,-1.0,-1.8369701987210297e-16,1,63.19634058064185,2.1916102470702037,1,7.949612605696069,7.949612605696069,1,0,3.2
1.183509640852956,20,0,0,135.23,1,0,-0.8660254037844386,0.5000000000000001,0,1.4006950699918927,0.7809335092545261,0,0.0,1.183509640852956,0,0,2.0
27.075716764256946,1,0,1,605.29,0,1,0.25881904510252074,0.9659258262890683,0,733.0944382982645,3.33490503063724,3,0.0,0.0,0,0,1.3
6.250678149419247,12,0,1,236.32,0,0,1.2246467991473532e-16,-1.0,1,39.070977327627226,1.9810950023431222,1,6.250678149419247,0.0,0,0,2.5
20.194660417927732,12,0,1,547.46,0,0,1.2246467991473532e-16,-1.0,1,407.8243093954171,3.0537492828752466,2,20.194660417927732,0.0,0,0,2.5
29.87431630061725,7,0,0,1042.7,1,0,0.9659258262890683,-0.25881904510252063,1,892.4747744293254,3.429924650593394,3,29.87431630061725,29.87431630061725,1,0,3.2
14.508608948232315,12,0,1,424.27,0,0,1.2246467991473532e-16,-1.0,1,210.4997336127268,2.741395285753803,2,14.508608948232315,0.0,0,0,2.5
9.585990325939648,3,0,0,167.14,0,1,0.7071067811865476,0.7071067811865476,0,91.8912105290085,2.359531459581198,1,0.0,0.0,0,0,0.0
38.96135950785774,5,1,0,738.66,0,1,0.9659258262890683,0.25881904510252074,0,1517.987534700537,3.687912974919789,4,0.0,0.0,0,0,1.5
47.39276744179941,5,0,1,1034.26,0,1,0.9659258262890683,0.25881904510252074,0,2246.0744057924817,3.8793503695356866,4,0.0,0.0,0,0,1.3
5.921580475236334,20,1,0,401.75,1,0,-0.8660254037844386,0.5000000000000001,1,35.06511532470017,1.934644135927203,1,5.921580475236334,5.921580475236334,1,1,4.7
8.623925894865385,11,0,0,186.98,0,0,0.258819045102521,-0.9659258262890682,2,74.37209784012974,2.2642522786079637,1,17.24785178973077,0.0,0,0,2.4
48.04062020538321,11,0,1,1046.68,0,0,0.258819045102521,-0.9659258262890682,0,2307.901189717874,3.8926489384766794,4,0.0,0.0,0,0,1.3
2.8514268688000675,16,0,1,125.4,0,0,-0.8660254037844385,-0.5000000000000004,0,8.130635188114956,1.3484436949115615,0,0.0,0.0,0,0,1.3
48.90398449097314,6,0,0,621.36,0,0,1.0,6.123233995736766e-17,0,2391.5996990933413,3.9101008490881695,4,0.0,0.0,0,0,0.0
1.2275796711644498,14,1,0,106.67,0,0,-0.4999999999999997,-0.8660254037844388,2,1.5069518490562186,0.8009156468003947,0,2.4551593423288995,0.0,0,0,3.9
43.80976412691523,23,0,0,737.01,0,1,-0.25881904510252157,0.9659258262890681,2,1919.2954328559488,3.8024260649349504,4,87.61952825383047,0.0,0,0,2.4
16.058933868399727,16,0,0,242.76,0,0,-0.8660254037844385,-0.5000000000000004,0,257.8893569896358,2.8366740470509555,2,0.0,0.0,0,0,0.0
46.99085405068753,9,1,0,1846.37,1,0,0.7071067811865476,-0.7071067811865475,0,2208.140364413017,3.871010452142046,4,0.0,46.99085405068753,0,1,3.5
16.530319143143686,22,0,0,232.28,0,1,-0.5000000000000004,0.8660254037844384,0,273.2514509741826,2.863931904308992,2,0.0,0.0,0,0,0.0
33.06100975516874,19,0,1,1772.81,1,0,-0.9659258262890684,0.2588190451025203,1,1093.0303660313625,3.5281533211594174,3,33.06100975516874,33.06100975516874,1,0,4.5
4.921595918530896,5,0,0,114.42,0,1,0.9659258262890683,0.25881904510252074,1,24.22210638529997,1.7786059933984524,0,4.921595918530896,0.0,0,0,1.2
12.874160761233211,8,0,0,431.27,1,0,0.8660254037844387,-0.4999999999999998,0,165.7440153060769,2.63002817212628,2,0.0,12.874160761233211,0,0,2.0
38.910287977483286,14,0,0,670.11,0,0,-0.4999999999999997,-0.8660254037844388,2,1514.0105104906804,3.6866341347069547,4,77.82057595496657,0.0,0,0,2.4
26.905606830262165,15,0,0,424.71,0,0,-0.7071067811865471,-0.7071067811865479,1,723.9116789046501,3.3288276302953728,3,26.905606830262165,0.0,0,0,1.2
46.47048402756519,20,0,0,1359.49,1,0,-0.8660254037844386,0.5000000000000001,0,2159.5058857561917,3.8601081290051376,4,0.0,46.47048402756519,0,0,2.0
22.00881900872636,7,0,1,1224.8,1,0,0.9659258262890683,-0.25881904510252063,1,484.3881141588747,3.1358775775986896,2,22.00881900872636,22.00881900872636,1,0,4.5
43.620805924882234,15,1,1,807.52,0,0,-0.7071067811865471,-0.7071067811865479,0,1902.774709536241,3.7982002508063593,4,0.0,0.0,0,0,2.8
22.99881643643364,4,1,0,582.83,0,1,0.8660254037844386,0.5000000000000001,2,528.9455574767701,3.1780045139833155,2,45.99763287286728,0.0,0,0,3.9
48.983165656397276,17,1,1,1916.53,1,0,-0.9659258262890683,-0.25881904510252063,0,2399.3505177220577,3.9116862618643413,4,0.0,48.983165656397276,0,1,4.8
48.03188468854496,19,1,0,1883.04,1,0,-0.9659258262890684,0.2588190451025203,0,2307.06194673368,3.892470794421507,4,0.0,48.03188468854496,0,1,3.5
17.127698572247937,13,1,1,412.07,0,0,-0.2588190451025208,-0.9659258262890683,1,293.358058381784,2.897441076402921,2,17.127698572247937,0.0,0,0,4.0
44.41025985042336,1,1,0,941.33,0,1,0.25881904510252074,0.9659258262890683,1,1972.271179982125,3.8157380674106722,4,44.41025985042336,0.0,0,0,2.7
42.53295733656681,22,0,1,924.86,0,1,-0.5000000000000004,0.8660254037844384,0,1809.0524597942124,3.7735182911514737,4,0.0,0.0,0,0,1.3
11.323339469050579,22,0,0,242.22,0,1,-0.5000000000000004,0.8660254037844384,2,128.21801673135863,2.511494982174592,1,22.646678938101157,0.0,0,0,2.4
31.590229638380215,2,0,0,395.64,0,1,0.49999999999999994,0.8660254037844387,0,997.9426086055958,3.4840125391081744,3,0.0,0.0,0,0,0.0
4.561433463900928,13,0,1,163.95,0,0,-0.2588190451025208,-0.9659258262890683,0,20.806675245595223,1.715855892281704,0,0.0,0.0,0,0,1.3
41.99882530858962,6,1,0,1008.02,0,0,1.0,6.123233995736766e-17,2,1763.9013273014282,3.7611727969155155,4,83.99765061717925,0.0,0,0,3.9
9.55274829167133,14,0,0,148.19,0,0,-0.4999999999999997,-0.8660254037844388,0,91.25499992402952,2.3563863275776513,1,0.0,0.0,0,0,0.0
4.469920367902461,16,0,0,105.03,0,0,-0.8660254037844385,-0.5000000000000004,0,19.98018809538927,1.699264058357622,0,0.0,0.0,0,0,0.0
20.61073568140175,0,0,1,559.0,0,1,0.0,1.0,1,424.8024253286072,3.073190213502572,2,20.61073568140175,0.0,0,0,2.5
29.26918479138253,8,0,0,901.52,1,0,0.8660254037844387,-0.4999999999999998,0,856.6851783520983,3.4101301914315476,3,0.0,29.26918479138253,0,0,2.0
42.89093096942878,21,0,0,1627.49,1,0,-0.7071067811865477,0.7071067811865474,2,1839.6319594243048,3.781707714899854,4,85.78186193885756,42.89093096942878,2,0,4.4
48.73788375056509,13,0,1,1049.37,0,0,-0.2588190451025208,-0.9659258262890683,0,2375.3813124835965,3.9067668912410527,4,0.0,0.0,0,0,1.3
22.53513311592332,15,0,0,361.45,0,0,-0.7071067811865471,-0.7071067811865479,1,507.8322245523838,3.158494330920531,2,22.53513311592332,0.0,0,0,1.2
3.9618992262782404,20,0,0,206.01,1,0,-0.8660254037844386,0.5000000000000001,0,15.69664547918412,1.6017885759699146,0,0.0,3.9618992262782404,0,0,2.0
37.70666337226766,12,0,1,836.47,0,0,1.2246467991473532e-16,-1.0,0,1421.7924626695117,3.6560117653763884,4,0.0,0.0,0,0,1.3
28.693489554972935,5,0,1,745.21,0,1,0.9659258262890683,0.25881904510252074,1,823.3163428413409,3.390927814876041,3,28.693489554972935,0.0,0,0,2.5
22.946675897378693,21,1,1,1096.22,1,0,-0.7071067811865477,0.7071067811865474,1,526.5499347393403,3.1758295207953604,2,22.946675897378693,22.946675897378693,1,1,6.0
16.154175060817295,0,0,0,266.35,0,1,0.0,1.0,1,260.9573718955314,2.8422415877637546,2,16.154175060817295,0.0,0,0,1.2
25.617527864333248,20,0,0,795.01,1,0,-0.8660254037844386,0.5000000000000001,0,656.2577338798903,3.281569941048689,3,0.0,25.617527864333248,0,0,2.0
17.595300618394514,3,1,1,409.52,0,1,0.7071067811865476,0.7071067811865476,1,309.5946038516744,2.922908893871497,2,17.595300618394514,0.0,0,0,4.0
38.093581519620656,2,0,1,836.84,0,1,0.49999999999999994,0.8660254037844387,0,1451.1209529919845,3.6659582980079066,4,0.0,0.0,0,0,1.3
27.650791128139414,16,0,1,730.56,0,0,-0.8660254037844385,-0.5000000000000004,1,764.5662500119934,3.355181056327125,3,27.650791128139414,0.0,0,0,2.5
43.96554093355149,1,0,0,657.68,0,1,0.25881904510252074,0.9659258262890683,1,1932.9687895797913,3.8058964393964527,4,43.96554093355149,0.0,0,0,1.2
27.63365181782266,18,1,0,1126.63,1,0,-1.0,-1.8369701987210297e-16,0,763.6187127886536,3.354582663117843,3,0.0,27.63365181782266,0,1,3.5
12.674858253656572,19,0,0,496.19,1,0,-0.9659258262890684,0.2588190451025203,1,160.6520317502861,2.615558982891002,2,12.674858253656572,12.674858253656572,1,0,3.2
42.70350222937508,22,0,1,944.88,0,1,-0.5000000000000004,0.8660254037844384,0,1823.5891026542427,3.777428241438931,4,0.0,0.0,0,0,1.3
28.303733201572154,21,1,0,1336.18,1,0,-0.7071067811865477,0.7071067811865474,1,801.1013131457779,3.3777149209296122,3,28.303733201572154,28.303733201572154,1,1,4.7
11.135210869034502,7,0,0,460.7,1,0,0.9659258262890683,-0.25881904510252063,1,123.99292109786411,2.4961112159566774,1,11.135210869034502,11.135210869034502,1,0,3.2
31.551882687854885,14,1,0,614.72,0,0,-0.4999999999999997,-0.8660254037844388,0,995.5213011481568,3.4828352068545714,3,0.0,0.0,0,0,1.5
18.52812148217895,5,0,0,333.62,0,1,0.9659258262890683,0.25881904510252074,2,343.29128565838107,2.971855553994033,2,37.0562429643579,0.0,0,0,2.4
42.375875002311226,22,0,0,546.15,0,1,-0.5000000000000004,0.8660254037844384,0,1795.7147822115055,3.7699034110274994,4,0.0,0.0,0,0,0.0
23.2116871936806,19,1,1,1272.41,1,0,-0.9659258262890684,0.2588190451025203,2,538.782422377276,3.186835458471368,2,46.4233743873612,23.2116871936806,2,1,7.199999999999999
36.59562654726342,1,0,0,466.85,0,1,0.25881904510252074,0.9659258262890683,0,1339.2398823867713,3.626887728398352,4,0.0,0.0,0,0,0.0
5.681274174175621,14,1,0,200.72,0,0,-0.4999999999999997,-0.8660254037844388,2,32.276876242154884,1.899308713996178,1,11.362548348351242,0.0,0,0,3.9
20.405192968814962,19,1,0,876.05,1,0,-0.9659258262890684,0.2588190451025203,0,416.37190009457555,3.0636335546842792,2,0.0,20.405192968814962,0,1,3.5
49.178830387147535,11,0,1,1059.97,0,0,0.258819045102521,-0.9659258262890682,0,2418.557358247826,3.9155932323196323,4,0.0,0.0,0,0,1.3
40.61455418438027,2,1,1,991.95,0,1,0.49999999999999994,0.8660254037844387,2,1649.5420115959607,3.7284499662818567,4,81.22910836876054,0.0,0,0,5.199999999999999
8.837099315979504,9,0,1,507.82,1,0,0.7071067811865476,-0.7071067811865475,0,78.09432432048543,2.286160882645102,1,0.0,8.837099315979504,0,0,3.3
14.6104384243855,13,1,1,305.18,0,0,-0.2588190451025208,-0.9659258262890683,0,213.46491095276025,2.7479398202562835,2,0.0,0.0,0,0,2.8
17.160974633961693,21,0,0,642.3,1,0,-0.7071067811865477,0.7071067811865474,1,294.4990503874767,2.899275041004022,2,17.160974633961693,17.160974633961693,1,0,3.2
32.86791246427684,13,0,1,855.23,0,0,-0.2588190451025208,-0.9659258262890683,1,1080.2996697593649,3.5224680311622123,3,32.86791246427684,0.0,0,0,2.5
38.09274321499312,2,0,1,960.45,0,1,0.49999999999999994,0.8660254037844387,1,1451.0570856434044,3.665936854241867,4,38.09274321499312,0.0,0,0,2.5
37.72680383158758,0,0,0,483.03,0,1,0.0,1.0,0,1423.3117273470914,3.6565319657626394,4,0.0,0.0,0,0,0.0
25.983828759013736,19,0,0,910.0,1,0,-0.9659258262890684,0.2588190451025203,1,675.1593569777493,3.2952377517198586,3,25.983828759013736,25.983828759013736,1,0,3.2
40.73020635406941,0,1,1,765.15,0,1,0.0,1.0,0,1658.9497096450762,3.731225239572529,4,0.0,0.0,0,0,2.8
22.416826055116278,1,1,1,572.69,0,1,0.25881904510252074,0.9659258262890683,2,502.51409038534,3.153454826146763,2,44.833652110232556,0.0,0,0,5.199999999999999
7.070147699482534,18,0,0,336.31,1,0,-1.0,-1.8369701987210297e-16,1,49.98698849249816,2.0881717844046492,1,7.070147699482534,7.070147699482534,1,0,3.2
28.65765024103685,23,0,1,744.92,0,1,-0.25881904510252157,0.9659258262890681,1,821.2609173375995,3.3897201104101997,3,28.65765024103685,0.0,0,0,2.5
47.662767845454226,9,1,0,1866.74,1,0,0.7071067811865476,-0.7071067811865475,0,2271.7394386896653,3.8849142170663886,4,0.0,47.662767845454226,0,1,3.5
39.856688918233054,3,0,0,689.22,0,1,0.7071067811865476,0.7071067811865476,2,1588.5556515248015,3.7100705513099212,4,79.71337783646611,0.0,0,0,2.4
29.356331736919877,3,0,1,772.52,0,1,0.7071067811865476,0.7071067811865476,1,861.7942130480892,3.4130051196977886,3,29.356331736919877,0.0,0,0,2.5
32.69347735710575,12,0,0,556.2,0,0,1.2246467991473532e-16,-1.0,2,1068.8634616995864,3.5173042683908013,3,65.3869547142115,0.0,0,0,2.4
46.59753932474306,8,0,1,2111.63,1,0,0.8660254037844387,-0.4999999999999998,0,2171.330671120976,3.86278106504281,4,0.0,46.59753932474306,0,0,3.3
21.988796927313064,6,0,0,344.2,0,0,1.0,6.123233995736766e-17,1,483.5071903106125,3.1350070071453997,2,21.988796927313064,0.0,0,0,1.2
17.23831280818923,15,1,0,414.94,0,0,-0.7071067811865471,-0.7071067811865479,1,297.1594284729809,2.903524480816809,2,17.23831280818923,0.0,0,0,2.7
48.884836685022,17,0,0,1424.11,1,0,-0.9659258262890683,-0.25881904510252063,0,2389.727257721273,3.909717082530744,4,0.0,48.884836685022,0,0,2.0
43.30871354200634,2,0,0,550.03,0,1,0.49999999999999994,0.8660254037844387,0,1875.6446686635632,3.7911813516598527,4,0.0,0.0,0,0,0.0
16.829135646311517,19,1,0,736.06,1,0,-0.9659258262890684,0.2588190451025203,0,283.21980660195294,2.880833953207634,2,0.0,16.829135646311517,0,1,3.5
23.725249270685218,19,0,1,1135.58,1,0,-0.9659258262890684,0.2588190451025203,0,562.8874529561494,3.2078249591843546,2,0.0,23.725249270685218,0,0,3.3
21.338828321382152,9,0,0,668.27,1,0,0.7071067811865476,-0.7071067811865475,0,455.34559412942104,3.106326344699928,2,0.0,21.338828321382152,0,0,2.0
8.30568825490026,23,0,0,143.45,0,1,-0.25881904510252157,0.9659258262890681,0,68.98445738758814,2.230625853495368,1,0.0,0.0,0,0,0.0
47.9331468668497,21,0,0,1591.11,1,0,-0.7071067811865477,0.7071067811865474,1,2297.586568558983,3.8904550168820826,4,47.9331468668497,47.9331468668497,1,0,3.2
20.81130912976818,15,0,1,549.65,0,0,-0.7071067811865471,-0.7071067811865479,1,433.1105876947724,3.0824286027023025,2,20.81130912976818,0.0,0,0,2.5
43.89112504925749,2,0,0,556.85,0,1,0.49999999999999994,0.8660254037844387,0,1926.4308580895583,3.8042401148379383,4,0.0,0.0,0,0,0.0
10.278455156352589,10,0,0,415.58,1,0,0.49999999999999994,-0.8660254037844387,1,105.64664040115112,2.4228942824667654,1,10.278455156352589,10.278455156352589,1,0,3.2
27.845669721223768,9,0,0,1098.86,1,0,0.7071067811865476,-0.7071067811865475,2,775.3813222234782,3.361959885370462,3,55.691339442447536,27.845669721223768,2,0,4.4
2.174107871089221,15,0,0,54.93,0,0,-0.7071067811865471,-0.7071067811865479,0,4.7267450351321045,1.1550266073771276,0,0.0,0.0,0,0,0.0
38.44680370827312,7,1,0,1526.86,1,0,0.9659258262890683,-0.25881904510252063,0,1478.156715382484,3.674953022672928,4,0.0,38.44680370827312,0,1,3.5
29.46478101406764,8,0,1,1579.61,1,0,0.8660254037844387,-0.4999999999999998,1,868.1733202069609,3.4165712955593315,3,29.46478101406764,29.46478101406764,1,0,4.5
31.653889590017883,14,0,1,818.7,0,0,-0.4999999999999997,-0.8660254037844388,1,1001.9687261770425,3.485963978489764,3,31.653889590017883,0.0,0,0,2.5
3.5343232451780193,20,1,0,299.06,1,0,-0.8660254037844386,0.5000000000000001,1,12.491440801405686,1.5116758431431032,0,3.5343232451780193,3.5343232451780193,1,1,4.7
11.340878180222155,2,0,1,343.47,0,1,0.49999999999999994,0.8660254037844387,1,128.61551789863898,2.5129171812791578,1,11.340878180222155,0.0,0,0,2.5
4.642212745325428,3,0,1,177.69,0,1,0.7071067811865476,0.7071067811865476,0,21.550139172861844,1.7302763192998487,0,0.0,0.0,0,0,1.3
15.156801474386777,12,0,1,488.71,0,0,1.2246467991473532e-16,-1.0,2,229.72863093397316,2.782341104937331,2,30.313602948773553,0.0,0,0,3.7
31.7445113764254,11,1,1,605.39,0,0,0.258819045102521,-0.9659258262890682,0,1007.7140025280016,3.4887353564766963,3,0.0,0.0,0,0,2.8
28.743113231551387,20,0,1,1344.79,1,0,-0.8660254037844386,0.5000000000000001,0,826.1665582417844,3.392597617179073,3,0.0,28.743113231551387,0,0,3.3
30.995341259056122,8,0,0,928.5,1,0,0.8660254037844387,-0.4999999999999998,0,960.7111797653467,3.4655903065466105,3,0.0,30.995341259056122,0,0,2.0
27.91331229751682,13,0,0,368.35,0,0,-0.2588190451025208,-0.9659258262890683,0,779.1530034187039,3.3643021221915834,3,0.0,0.0,0,0,0.0
14.378410988117109,18,0,0,542.12,1,0,-1.0,-1.8369701987210297e-16,1,206.7387025432068,2.732964641972535,2,14.378410988117109,14.378410988117109,1,0,3.2
12.980867369876837,6,1,1,316.14,0,0,1.0,6.123233995736766e-17,1,168.5029176743332,2.6376897785059907,2,12.980867369876837,0.0,0,0,4.0
7.715924493292482,15,0,0,170.57,0,0,-0.7071067811865471,-0.7071067811865479,2,59.53549078619084,2.1651517540449046,1,15.431848986584964,0.0,0,0,2.4
42.60447287027111,21,0,0,1236.32,1,0,-0.7071067811865477,0.7071067811865474,0,1815.141108553667,3.7751597338608067,4,0.0,42.60447287027111,0,0,2.0
31.20748856852098,19,1,0,1670.08,1,0,-0.9659258262890684,0.2588190451025203,2,973.9073427543676,3.472198989751274,3,62.41497713704196,31.20748856852098,2,1,5.9
10.139039612698928,4,0,1,315.88,0,1,0.8660254037844386,0.5000000000000001,1,102.80012426787803,2.410456020073529,1,10.139039612698928,0.0,0,0,2.5
9.683259611240736,9,0,1,549.8,1,0,0.7071067811865476,-0.7071067811865475,0,93.76551669868608,2.368677994010866,1,0.0,9.683259611240736,0,0,3.3
43.778744474780694,17,0,0,1649.22,1,0,-0.9659258262890683,-0.25881904510252063,2,1916.578467788141,3.801733573144244,4,87.55748894956139,43.778744474780694,2,0,4.4
37.393812324402646,10,1,0,1744.35,1,0,0.49999999999999994,-0.8660254037844387,1,1398.2972001526473,3.64789630922431,4,37.393812324402646,37.393812324402646,1,1,4.7
33.3105549153632,6,1,1,625.81,0,0,1.0,6.123233995736766e-17,0,1109.5930687694274,3.5354530303147116,3,0.0,0.0,0,0,2.8
20.93634126942569,13,1,0,541.4,0,0,-0.2588190451025208,-0.9659258262890683,2,438.33038574985727,3.0881446802037598,2,41.87268253885138,0.0,0,0,3.9
13.836802649647359,19,0,0,541.13,1,0,-0.9659258262890684,0.2588190451025203,1,191.45710756528817,2.6971107596499833,2,13.836802649647359,13.836802649647359,1,0,3.2
48.993087392528366,17,0,0,1626.35,1,0,-0.9659258262890683,-0.25881904510252063,1,2400.322612251922,3.911884743721004,4,48.993087392528366,48.993087392528366,1,0,3.2
40.06473917611721,10,0,1,2366.12,1,0,0.49999999999999994,-0.8660254037844387,2,1605.1833252503009,3.715149825683301,4,80.12947835223441,40.06473917611721,2,0,5.699999999999999
15.787181933677548,21,1,0,702.32,1,0,-0.7071067811865477,0.7071067811865474,0,249.23511340703476,2.8206156150534882,2,0.0,15.787181933677548,0,1,3.5
42.53067501764624,11,0,0,638.36,0,0,0.258819045102521,-0.9659258262890682,1,1808.858317456638,3.7734658623965647,4,42.53067501764624,0.0,0,0,1.2
38.18766548211939,17,0,1,2015.29,1,0,-0.9659258262890683,-0.25881904510252063,1,1458.2977949742528,3.668362041213426,4,38.18766548211939,38.18766548211939,1,0,4.5
15.55694694402192,1,1,0,331.71,0,1,0.25881904510252074,0.9659258262890683,0,242.01859821911296,2.806805768676414,2,0.0,0.0,0,0,1.5
21.901089857840343,22,0,0,320.3,0,1,-0.5000000000000004,0.8660254037844384,0,479.65773696119714,3.1311845014731583,2,0.0,0.0,0,0,0.0
10.111718824160306,0,0,0,187.71,0,1,0.0,1.0,1,102.24685757887788,2.408000301330628,1,10.111718824160306,0.0,0,0,1.2
6.441569774527358,22,1,1,175.28,0,1,-0.5000000000000004,0.8660254037844384,0,41.49382116010444,2.0070818177894014,1,0.0,0.0,0,0,2.8
36.41533960914514,9,0,0,1214.8,1,0,0.7071067811865476,-0.7071067811865475,1,1326.0769588493752,3.622080770309119,4,36.41533960914514,36.41533960914514,1,0,3.2
14.108081010339465,20,0,1,969.95,1,0,-0.8660254037844386,0.5000000000000001,2,199.037949794301,2.7152297669181396,2,28.21616202067893,14.108081010339465,2,0,5.699999999999999
41.18290892156643,0,0,1,903.31,0,1,0.0,1.0,0,1696.031987242036,3.7420151371479475,4,0.0,0.0,0,0,1.3
49.78482686420688,5,0,1,1070.29,0,1,0.9659258262890683,0.25881904510252074,0,2478.528985899055,3.927597626194098,4,0.0,0.0,0,0,1.3
4.754370882552784,6,0,1,162.46,0,0,1.0,6.123233995736766e-17,0,22.60404248886574,1.749959719526368,0,0.0,0.0,0,0,1.3
24.178721129101312,16,0,1,646.94,0,0,-0.8660254037844385,-0.5000000000000004,1,584.6105554388503,3.22599923817235,2,24.178721129101312,0.0,0,0,2.5
40.30106540622935,8,0,1,2397.52,1,0,0.8660254037844387,-0.4999999999999998,2,1624.1758728771758,3.7208882963952576,4,80.6021308124587,40.30106540622935,2,0,5.699999999999999
39.65859393052044,6,1,1,853.57,0,0,1.0,6.123233995736766e-17,1,1572.8040725459125,3.705210226454213,4,39.65859393052044,0.0,0,0,4.0
38.23986075821745,16,0,1,847.92,0,0,-0.8660254037844385,-0.5000000000000004,0,1462.286950807859,3.66969308622546,4,0.0,0.0,0,0,1.3
18.100751829793637,2,0,1,497.78,0,1,0.49999999999999994,0.8660254037844387,1,327.6372168037777,2.9497276970943096,2,18.100751829793637,0.0,0,0,2.5
23.238809528567565,15,0,0,370.63,0,0,-0.7071067811865471,-0.7071067811865479,1,540.0422683050426,3.1879550481373133,2,23.238809528567565,0.0,0,0,1.2
30.15344950973204,4,1,0,580.3,0,1,0.8660254037844386,0.5000000000000001,0,909.2305173359595,3.4389249777775737,3,0.0,0.0,0,0,1.5
48.7230885950896,19,0,0,1618.76,1,0,-0.9659258262890684,0.2588190451025203,1,2373.93936224495,3.9064693844856753,4,48.7230885950896,48.7230885950896,1,0,3.2
17.049816275986153,17,1,1,745.98,1,0,-0.9659258262890683,-0.25881904510252063,0,290.6962350448823,2.8931355061113617,2,0.0,17.049816275986153,0,1,4.8
46.23405049812603,0,1,1,988.23,0,1,0.0,1.0,1,2137.587425463268,3.8551150413598214,4,46.23405049812603,0.0,0,0,4.0
14.198488990844211,3,1,0,296.34,0,1,0.7071067811865476,0.7071067811865476,0,201.59708962312428,2.721196014413787,2,0.0,0.0,0,0,1.5
49.46464880821153,22,1,0,913.91,0,1,-0.5000000000000004,0.8660254037844384,0,2446.751481719702,3.9212730675506173,4,0.0,0.0,0,0,1.5
33.842920654551996,10,0,0,1299.81,1,0,0.49999999999999994,-0.8660254037844387,2,1145.343278430302,3.5508499789687704,3,67.68584130910399,33.842920654551996,2,0,4.4
23.712062537568997,19,1,0,1134.12,1,0,-0.9659258262890684,0.2588190451025203,1,562.261909785583,3.2072914862689945,2,23.712062537568997,23.712062537568997,1,1,4.7
31.056130975116638,8,1,1,1257.14,1,0,0.8660254037844387,-0.4999999999999998,0,964.483271143599,3.4674884591477024,3,0.0,31.056130975116638,0,1,4.8
14.354027282970133,7,1,0,842.66,1,0,0.9659258262890683,-0.25881904510252063,2,206.03809924025094,2.7313778033332756,2,28.708054565940266,14.354027282970133,2,1,5.9
14.434519018061865,7,0,0,547.46,1,0,0.9659258262890683,-0.25881904510252063,1,208.35533928278966,2.7366064956974063,2,14.434519018061865,14.434519018061865,1,0,3.2
6.564172648331198,4,0,0,121.94,0,1,0.8660254037844386,0.5000000000000001,0,43.08836255709941,2.023422975539849,1,0.0,0.0,0,0,0.0
6.588464587564539,11,0,0,137.56,0,0,0.258819045102521,-0.9659258262890682,1,43.407865621591974,2.0266292768148024,1,6.588464587564539,0.0,0,0,1.2
18.035915331976657,0,0,1,571.5,0,1,0.0,1.0,2,325.29424186223065,2.9463274754645985,2,36.071830663953314,0.0,0,0,3.7
38.37991841692221,14,1,0,828.25,0,0,-0.4999999999999997,-0.8660254037844388,1,1473.0181376896046,3.673256001520723,4,38.37991841692221,0.0,0,0,2.7
30.790587212309962,17,1,1,1254.48,1,0,-0.9659258262890683,-0.25881904510252063,0,948.0602608788657,3.4591702463567047,3,0.0,30.790587212309962,0,1,4.8
6.02664345622002,5,0,0,144.1,0,1,0.9659258262890683,0.25881904510252074,1,36.32043134839959,1.949709131805102,1,6.02664345622002,0.0,0,0,1.2
42.75958972381964,9,1,0,1942.9,1,0,0.7071067811865476,-0.7071067811865475,1,1828.382513349382,3.778710782471503,4,42.75958972381964,42.75958972381964,1,1,4.7
30.467013722513254,13,0,1,888.83,0,0,-0.2588190451025208,-0.9659258262890683,2,928.238925167811,3.448939813739681,3,60.93402744502651,0.0,0,0,3.7
48.081923262454204,20,0,1,2175.24,1,0,-0.8660254037844386,0.5000000000000001,0,2311.8713446165348,3.893490805351522,4,0.0,48.081923262454204,0,0,3.3
33.83908790314917,7,0,0,1146.55,1,0,0.9659258262890683,-0.25881904510252063,1,1145.0838701170564,3.55073997205347,3,33.83908790314917,33.83908790314917,1,0,3.2
9.583568321504869,2,0,0,165.53,0,1,0.49999999999999994,0.8660254037844387,0,91.84478177295165,2.3593026400308537,1,0.0,0.0,0,0,0.0
24.215384753083292,21,1,0,1161.43,1,0,-0.7071067811865477,0.7071067811865474,1,586.3848587398587,3.227454314309092,2,24.215384753083292,24.215384753083292,1,1,4.7
32.77638227981301,21,0,1,1970.56,1,0,-0.7071067811865477,0.7071067811865474,2,1074.29123535244,3.519761809132069,3,65.55276455962601,32.77638227981301,2,0,5.699999999999999
2.384970351448907,18,0,0,161.64,1,0,-1.0,-1.8369701987210297e-16,0,5.688083577290323,1.2193451475220118,0,0.0,2.384970351448907,0,0,2.0
1.7306029435855868,11,0,0,58.76,0,0,0.258819045102521,-0.9659258262890682,0,2.9949865483470974,1.0045224432674889,0,0.0,0.0,0,0,0.0
7.340747029329828,11,0,1,263.54,0,0,0.258819045102521,-0.9659258262890682,1,53.88656694861469,2.1211527842214255,1,7.340747029329828,0.0,0,0,2.5
13.331557317228068,14,1,0,331.81,0,0,-0.4999999999999997,-0.8660254037844388,1,177.73042050253724,2.6624639112478423,2,13.331557317228068,0.0,0,0,2.7
22.0479070525131,6,0,0,305.17,0,0,1.0,6.123233995736766e-17,0,486.1102053962569,3.137574964995247,2,0.0,0.0,0,0,0.0
24.884583214229632,3,0,0,384.72,0,1,0.7071067811865476,0.7071067811865476,1,619.2424817459192,3.2536475487843908,2,24.884583214229632,0.0,0,0,1.2
7.763352837956942,20,1,1,528.54,1,0,-0.8660254037844386,0.5000000000000001,2,60.26964728661411,2.170578575779489,1,15.526705675913885,7.763352837956942,2,1,7.199999999999999
33.99618737667571,8,0,0,1156.9,1,0,0.8660254037844387,-0.4999999999999998,1,1155.7407561500447,3.555239123460902,3,33.99618737667571,33.99618737667571,1,0,3.2
30.210765023130207,21,1,1,1427.15,1,0,-0.7071067811865477,0.7071067811865474,1,912.6903232827875,3.440763068097946,3,30.210765023130207,30.210765023130207,1,1,6.0
15.42874084321685,15,0,0,227.46,0,0,-0.7071067811865471,-0.7071067811865479,0,238.0460440071478,2.7990322914505747,2,0.0,0.0,0,0,0.0
1.6693342883293085,12,0,1,137.53,0,0,1.2246467991473532e-16,-1.0,2,2.786676966191919,0.9818291111104708,0,3.338668576658617,0.0,0,0,3.7
4.804747852311246,3,1,0,141.41,0,1,0.7071067811865476,0.7071067811865476,0,23.085601924289534,1.7586761779121127,0,0.0,0.0,0,0,1.5
20.193044000031133,23,1,0,403.25,0,1,-0.25881904510252157,0.9659258262890681,0,407.75902598719335,3.0536730146309727,2,0.0,0.0,0,0,1.5
8.544743207118511,8,0,1,503.27,1,0,0.8660254037844387,-0.4999999999999998,0,73.01263647559794,2.2559905534233002,1,0.0,8.544743207118511,0,0,3.3
19.46416070125057,20,0,1,1116.99,1,0,-0.8660254037844386,0.5000000000000001,1,378.8535518041071,3.018675097681463,2,19.46416070125057,19.46416070125057,1,0,4.5
31.7809476210074,17,1,1,1667.83,1,0,-0.9659258262890683,-0.25881904510252063,2,1010.0286316892159,3.489847481409354,3,63.5618952420148,31.7809476210074,2,1,7.199999999999999
27.814633966084894,14,0,1,635.04,0,0,-0.4999999999999997,-0.8660254037844388,0,773.6538626672835,3.360883381913097,3,0.0,0.0,0,0,1.3
12.327618273732318,14,0,0,256.28,0,0,-0.4999999999999997,-0.8660254037844388,2,151.97017230285897,2.589838444087881,2,24.655236547464636,0.0,0,0,2.4
17.847302071678868,5,0,0,323.9,0,1,0.9659258262890683,0.25881904510252074,2,318.5261912377528,2.9363697774796096,2,35.694604143357736,0.0,0,0,2.4
31.08752872398388,10,0,0,1076.14,1,0,0.49999999999999994,-0.8660254037844387,1,966.4344421645228,3.4684674413736056,3,31.08752872398388,31.08752872398388,1,0,3.2
43.18189637412899,7,0,1,2260.49,1,0,0.9659258262890683,-0.25881904510252063,1,1864.6761744660143,3.7883151208853696,4,43.18189637412899,43.18189637412899,1,0,4.5
37.90745849820499,20,1,0,1504.01,1,0,-0.8660254037844386,0.5000000000000001,0,1436.9754097931336,3.6611859674179263,4,0.0,37.90745849820499,0,1,3.5
28.116601314837332,16,0,1,646.69,0,0,-0.8660254037844385,-0.5000000000000004,0,790.5432694975124,3.3713085034276054,3,0.0,0.0,0,0,1.3
18.752356917507825,23,1,0,491.38,0,1,-0.25881904510252157,0.9659258262890681,2,351.6508899616036,2.9832728218222995,2,37.50471383501565,0.0,0,0,3.9
18.887512599548465,16,0,1,453.51,0,0,-0.8660254037844385,-0.5000000000000004,0,356.738132198102,2.9900920272047964,2,0.0,0.0,0,0,1.3
44.091448202955405,23,0,0,577.29,0,1,-0.25881904510252157,0.9659258262890681,0,1944.0558046338995,3.8086926099690137,4,0.0,0.0,0,0,0.0
2.9229352259867736,17,0,0,203.86,1,0,-0.9659258262890683,-0.25881904510252063,1,8.54355033531435,1.3668401557443706,0,2.9229352259867736,2.9229352259867736,1,0,3.2
49.411149576592784,3,0,1,1378.27,0,1,0.7071067811865476,0.7071067811865476,2,2441.461702480425,3.9202123723691913,4,98.82229915318557,0.0,0,0,3.7
33.55439513172655,14,0,0,523.36,0,0,-0.4999999999999997,-0.8660254037844388,1,1125.8974326560344,3.5425347528821662,3,33.55439513172655,0.0,0,0,1.2
34.375747254547136,1,0,1,776.08,0,1,0.25881904510252074,0.9659258262890683,0,1181.691999308505,3.56602647954375,3,0.0,0.0,0,0,1.3
2.8618940279323657,1,1,1,115.47,0,1,0.25881904510252074,0.9659258262890683,0,8.19043742711494,1.3511577439437694,0,0.0,0.0,0,0,2.8
30.670934469672336,9,0,0,1058.72,1,0,0.7071067811865476,-0.7071067811865475,1,940.7062212429346,3.455399366577898,3,30.670934469672336,30.670934469672336,1,0,3.2
24.754124944431904,2,0,1,566.13,0,1,0.49999999999999994,0.8660254037844387,0,612.7667017645458,3.248594806297147,2,0.0,0.0,0,0,1.3
6.183166437809283,7,1,1,340.78,1,0,0.9659258262890683,-0.25881904510252063,0,38.23154719765114,1.971740293896095,1,0.0,6.183166437809283,0,1,4.8
14.618178527698594,19,1,1,646.19,1,0,-0.9659258262890684,0.2588190451025203,0,213.69114346766824,2.7484355260689015,2,0.0,14.618178527698594,0,1,4.8
44.62540835446891,6,0,0,666.99,0,0,1.0,6.123233995736766e-17,1,1991.4270708031036,3.8204647620975374,4,44.62540835446891,0.0,0,0,1.2
27.949432377431695,11,0,0,383.8,0,0,0.258819045102521,-0.9659258262890682,0,781.1707702206271,3.3655505968296064,3,0.0,0.0,0,0,0.0
21.257412183521527,18,1,1,902.3,1,0,-1.0,-1.8369701987210297e-16,0,451.8775727401295,3.102675084979821,2,0.0,21.257412183521527,0,1,4.8
4.561425636199736,14,1,1,132.73,0,0,-0.4999999999999997,-0.8660254037844388,0,20.80660383458017,1.7158544847836636,0,0.0,0.0,0,0,2.8
35.99195484271298,13,0,0,472.46,0,0,-0.2588190451025208,-0.9659258262890683,0,1295.4208133998902,3.6107004523180084,4,0.0,0.0,0,0,0.0
35.4396903464056,15,0,0,460.15,0,0,-0.7071067811865471,-0.7071067811865479,0,1255.971651849114,3.595658574726827,4,0.0,0.0,0,0,0.0
31.088136741655614,13,1,0,684.2,0,0,-0.2588190451025208,-0.9659258262890683,1,966.4722460678777,3.468486389916401,3,31.088136741655614,0.0,0,0,2.7
26.00286966481181,2,1,0,577.39,0,1,0.49999999999999994,0.8660254037844387,1,676.1492308051903,3.2959431442385165,3,26.00286966481181,0.0,0,0,2.7
22.25543570816126,17,1,1,944.52,1,0,-0.9659258262890683,-0.25881904510252063,0,495.30441856009935,3.14653889860724,2,0.0,22.25543570816126,0,1,4.8
30.070283556411624,21,0,1,1416.91,1,0,-0.7071067811865477,0.7071067811865474,0,904.2219531629993,3.436251849736392,3,0.0,30.070283556411624,0,0,3.3
12.436377134691929,5,0,0,193.3,0,1,0.9659258262890683,0.25881904510252074,0,154.66347623628823,2.5979657403269396,2,0.0,0.0,0,0,0.0
47.12169414470474,16,0,1,1022.58,0,0,-0.8660254037844385,-0.5000000000000004,0,2220.454059067101,3.873733097151425,4,0.0,0.0,0,0,1.3
29.850931929831248,22,0,0,406.12,0,1,-0.5000000000000004,0.8660254037844384,0,891.0781370794188,3.429166958317538,3,0.0,0.0,0,0,0.0
16.24842977336445,13,0,1,397.27,0,0,-0.2588190451025208,-0.9659258262890683,0,264.0114700999563,2.847721111703056,2,0.0,0.0,0,0,1.3
23.034312693372705,13,0,0,324.07,0,0,-0.2588190451025208,-0.9659258262890683,0,530.5795612560709,3.1794825048635182,2,0.0,0.0,0,0,0.0
40.47855465496772,19,0,0,1532.71,1,0,-0.9659258262890684,0.2588190451025203,2,1638.5133869552092,3.7251765383706337,4,80.95710930993545,40.47855465496772,2,0,4.4
8.919186975784575,12,0,1,244.43,0,0,1.2246467991473532e-16,-1.0,0,79.55189630900519,2.2944709598518016,1,0.0,0.0,0,0,1.3
15.348945500552759,2,1,0,411.77,0,1,0.49999999999999994,0.8660254037844387,2,235.59012797893877,2.79416339988431,2,30.697891001105518,0.0,0,0,3.9
34.295893114091214,12,1,0,646.51,0,0,1.2246467991473532e-16,-1.0,0,1176.2082844931692,3.5637666147939324,3,0.0,0.0,0,0,1.5
16.45897111762897,23,1,0,349.86,0,1,-0.25881904510252157,0.9659258262890681,0,270.8977302509446,2.8598536207042855,2,0.0,0.0,0,0,1.5
39.83258241121183,1,1,0,850.82,0,1,0.25881904510252074,0.9659258262890683,1,1586.634621545982,3.709480351218069,4,39.83258241121183,0.0,0,0,2.7
7.3922208716906805,8,0,0,271.15,1,0,0.8660254037844387,-0.4999999999999998,0,54.64492941585932,2.1273051900625535,1,0.0,7.3922208716906805,0,0,2.0
38.371622352275814,12,0,0,497.14,0,0,1.2246467991473532e-16,-1.0,0,1472.381401945673,3.673045311936848,4,0.0,0.0,0,0,0.0
4.3492340276777455,7,0,1,411.28,1,0,0.9659258262890683,-0.25881904510252063,2,18.915836627509986,1.6769533782610861,0,8.698468055355491,4.3492340276777455,2,0,5.699999999999999
1.6170380207072443,15,0,1,111.42,0,0,-0.7071067811865471,-0.7071067811865479,1,2.614811960412802,0.9620431517983175,0,1.6170380207072443,0.0,0,0,2.5
45.012952422775946,23,1,0,852.28,0,1,-0.25881904510252157,0.9659258262890681,0,2026.1658858150909,3.828922931262634,4,0.0,0.0,0,0,1.5
29.485621629682633,2,0,1,658.46,0,1,0.49999999999999994,0.8660254037844387,0,869.4018828888084,3.4172551504814717,3,0.0,0.0,0,0,1.3
18.239517957253764,12,0,0,341.6,0,0,1.2246467991473532e-16,-1.0,2,332.6800153129825,2.956966390726909,2,36.47903591450753,0.0,0,0,2.4
12.39713721122867,3,0,0,244.75,0,1,0.7071067811865476,0.7071067811865476,2,153.68901103403059,2.595041043179302,2,24.79427442245734,0.0,0,0,2.4
31.22740337977999,17,0,0,936.12,1,0,-0.9659258262890683,-0.25881904510252063,0,975.1507218434947,3.472817127263139,3,0.0,31.22740337977999,0,0,2.0
25.94110699330017,1,0,0,347.22,0,1,0.25881904510252074,0.9659258262890683,0,672.941032037847,3.29365326120334,3,0.0,0.0,0,0,0.0
49.58829100096927,19,0,1,2907.07,1,0,-0.9659258262890684,0.2588190451025203,2,2458.99860439681,3.923720146372682,4,99.17658200193854,49.58829100096927,2,0,5.699999999999999
49.17758334603354,21,0,0,1421.21,1,0,-0.7071067811865477,0.7071067811865474,0,2418.4347037560756,3.915568380074167,4,0.0,49.17758334603354,0,0,2.0
32.11620374093887,20,0,1,1496.77,1,0,-0.8660254037844386,0.5000000000000001,0,1031.450542729496,3.5000227015990664,3,0.0,32.11620374093887,0,0,3.3
22.700654799188634,14,1,0,518.14,0,0,-0.4999999999999997,-0.8660254037844388,1,515.3197283119259,3.1655026764171694,2,22.700654799188634,0.0,0,0,2.7
25.065907487598444,16,0,0,350.84,0,0,-0.8660254037844385,-0.5000000000000004,0,628.2997181768437,3.260628233942345,3,0.0,0.0,0,0,0.0
34.44147424560624,9,0,1,1834.22,1,0,0.7071067811865476,-0.7071067811865475,1,1186.2151482107577,3.567882723224013,3,34.44147424560624,34.44147424560624,1,0,4.5
5.977152667533687,0,0,0,148.21,0,1,0.0,1.0,2,35.72635401100507,1.942640906261874,1,11.954305335067374,0.0,0,0,2.4
17.089251616725193,5,0,0,287.05,0,1,0.9659258262890683,0.25881904510252074,1,292.0425208197446,2.8953179285528345,2,17.089251616725193,0.0,0,0,1.2
4.688339809176589,2,0,0,82.18,0,1,0.49999999999999994,0.8660254037844387,0,21.980530166309975,1.738418432132911,0,0.0,0.0,0,0,0.0
4.594677216329059,18,0,0,215.56,1,0,-1.0,-1.8369701987210297e-16,0,21.111058722253347,1.7218156486482088,0,0.0,4.594677216329059,0,0,2.0
10.596122852817453,6,1,1,240.19,0,0,1.0,6.123233995736766e-17,0,112.27781951200029,2.45067080541666,1,0.0,0.0,0,0,2.8
24.77740947506812,12,1,0,495.1,0,0,1.2246467991473532e-16,-1.0,0,613.9200202951954,3.249498506622906,2,0.0,0.0,0,0,1.5
39.453941736976674,12,0,0,507.84,0,0,1.2246467991473532e-16,-1.0,0,1556.61351858475,3.7001640859008824,4,0.0,0.0,0,0,0.0
24.789298667127756,16,0,1,571.94,0,0,-0.8660254037844385,-0.5000000000000004,0,614.509328408062,3.2499596255385255,2,0.0,0.0,0,0,1.3
17.43835391748262,0,0,0,264.65,0,1,0.0,1.0,0,304.0961873513814,2.9144329471961194,2,0.0,0.0,0,0,0.0
5.035296526501149,13,0,0,100.22,0,0,-0.2588190451025208,-0.9659258262890683,0,25.354211109794537,1.7976249878082442,1,0.0,0.0,0,0,0.0
27.96448063597335,2,0,0,364.93,0,1,0.49999999999999994,0.8660254037844387,0,782.0121772397284,3.366070273642908,3,0.0,0.0,0,0,0.0
14.292160737675662,13,0,0,260.62,0,0,-0.2588190451025208,-0.9659258262890683,1,204.26585855155773,2.7273403270054253,2,14.292160737675662,0.0,0,0,1.2
31.131774717940225,23,0,0,469.89,0,1,-0.25881904510252157,0.9659258262890681,1,969.1873970885822,3.4698454071435862,3,31.131774717940225,0.0,0,0,1.2
48.8821992174885,0,1,0,893.97,0,1,0.0,1.0,0,2389.4694003382333,3.9096642100060617,4,0.0,0.0,0,0,1.5
6.454401752399958,15,1,1,186.5,0,0,-0.7071067811865471,-0.7071067811865479,1,41.65930198138365,2.0088046971629976,1,6.454401752399958,0.0,0,0,4.0
11.394144537375055,9,1,0,627.73,1,0,0.7071067811865476,-0.7071067811865475,1,129.82652973859382,2.5172241463546867,1,11.394144537375055,11.394144537375055,1,1,4.7
24.181632366869362,12,0,0,340.56,0,0,1.2246467991473532e-16,-1.0,0,584.7513439264239,3.226114854428758,2,0.0,0.0,0,0,0.0
48.46207695195054,3,0,0,635.63,0,1,0.7071067811865476,0.7071067811865476,0,2348.572902496776,3.9012062537702517,4,0.0,0.0,0,0,0.0
38.818679037229785,8,0,0,1308.94,1,0,0.8660254037844387,-0.4999999999999998,1,1506.8898421954632,3.684336124736475,4,38.818679037229785,38.818679037229785,1,0,3.2
45.013230464978676,13,0,1,972.57,0,0,-0.2588190451025208,-0.9659258262890683,0,2026.1909168932843,3.8289289739386203,4,0.0,0.0,0,0,1.3
17.35202757531385,3,0,0,243.66,0,1,0.7071067811865476,0.7071067811865476,0,301.0928609744523,2.9097400629640164,2,0.0,0.0,0,0,0.0
49.60988521515113,9,0,0,1858.58,1,0,0.7071067811865476,-0.7071067811865475,2,2461.140711060471,3.924146917196367,4,99.21977043030226,49.60988521515113,2,0,4.4
6.038807987143713,7,0,0,252.88,1,0,0.9659258262890683,-0.25881904510252063,0,36.4672019055907,1.9514388358257049,1,0.0,6.038807987143713,0,0,2.0
3.5956723962589408,22,1,0,148.16,0,1,-0.5000000000000004,0.8660254037844384,1,12.928859981218514,1.5251150772586062,0,3.5956723962589408,0.0,0,0,2.7
42.92452872564738,2,1,1,788.79,0,1,0.49999999999999994,0.8660254037844387,0,1842.515166318927,3.782472904946677,4,0.0,0.0,0,0,2.8
46.435978640142324,22,0,0,588.31,0,1,-0.5000000000000004,0.8660254037844384,0,2156.3001122677542,3.859380983814529,4,0.0,0.0,0,0,0.0
5.438682519758986,6,0,0,102.79,0,0,1.0,6.123233995736766e-17,0,29.579267550731956,1.8623239415102188,1,0.0,0.0,0,0,0.0
6.557943910546234,9,0,0,310.08,1,0,0.7071067811865476,-0.7071067811865475,1,43.00662833387043,2.0225991836965624,1,6.557943910546234,6.557943910546234,1,0,3.2
2.6255337300329167,2,0,0,67.97,0,1,0.49999999999999994,0.8660254037844387,0,6.893427367540561,1.2880015133396505,0,0.0,0.0,0,0,0.0
6.120870569493481,1,0,0,109.26,0,1,0.25881904510252074,0.9659258262890683,0,37.46505652849145,1.9630299889456708,1,0.0,0.0,0,0,0.0
11.261571023213763,14,1,0,337.25,0,0,-0.4999999999999997,-0.8660254037844388,2,126.82298191088789,2.50647006448565,1,22.523142046427527,0.0,0,0,3.9
48.53375432659005,8,0,1,2188.42,1,0,0.8660254037844387,-0.4999999999999998,0,2355.5253090337983,3.9026543427703473,4,0.0,48.53375432659005,0,0,3.3
33.72515088974434,14,0,0,436.82,0,0,-0.4999999999999997,-0.8660254037844388,0,1137.3858025360234,3.5474642339079816,3,0.0,0.0,0,0,0.0
39.149098250408564,16,0,1,857.47,0,0,-0.8660254037844385,-0.5000000000000004,0,1532.651893820143,3.692599980623953,4,0.0,0.0,0,0,1.3
39.030830780884585,6,0,0,588.76,0,0,1.0,6.123233995736766e-17,1,1523.4057514460476,3.689649926745769,4,39.030830780884585,0.0,0,0,1.2
27.218613739181517,19,0,1,1276.76,1,0,-0.9659258262890684,0.2588190451025203,0,740.8529338827609,3.3399818218722768,3,0.0,27.218613739181517,0,0,3.3
40.07695990793784,17,1,0,1598.11,1,0,-0.9659258262890683,-0.25881904510252063,0,1606.162715462457,3.715447378133447,4,0.0,40.07695990793784,0,1,3.5
30.194569087108512,14,0,1,677.2,0,0,-0.4999999999999997,-0.8660254037844388,0,911.7120023561689,3.4402440119430118,3,0.0,0.0,0,0,1.3
16.412758782564524,17,0,0,536.05,1,0,-0.9659258262890683,-0.25881904510252063,0,269.3786508546489,2.8572032008800257,2,0.0,16.412758782564524,0,0,2.0
28.494395329651635,23,1,0,633.44,0,1,-0.25881904510252157,0.9659258262890681,1,811.9305652024728,3.3842002564702427,3,28.494395329651635,0.0,0,0,2.7
27.14192072059116,22,0,1,701.81,0,1,-0.5000000000000004,0.8660254037844384,1,736.6838604028557,3.3372603052414633,3,27.14192072059116,0.0,0,0,2.5
41.34919963420671,11,0,0,531.1,0,0,0.258819045102521,-0.9659258262890682,0,1709.7563103894806,3.745949522081384,4,0.0,0.0,0,0,0.0
49.10463365170129,22,0,0,640.83,0,1,-0.5000000000000004,0.8660254037844384,0,2411.265046067795,3.9141134918719724,4,0.0,0.0,0,0,0.0
21.141085705625596,20,1,0,917.67,1,0,-0.8660254037844386,0.5000000000000001,0,446.9455048126069,3.097434964272629,2,0.0,21.141085705625596,0,1,3.5
38.40614324362662,7,0,0,1282.03,1,0,0.9659258262890683,-0.25881904510252063,1,1475.031838849967,3.6739217240386464,4,38.40614324362662,38.40614324362662,1,0,3.2
5.888387197868544,1,0,0,119.01,0,1,0.25881904510252074,0.9659258262890683,0,34.67310379202216,1.9298369789410652,1,0.0,0.0,0,0,0.0
39.06473710296614,1,1,0,735.0,0,1,0.25881904510252074,0.9659258262890683,0,1526.0536849238595,3.690496573445524,4,0.0,0.0,0,0,1.5
19.199428687668373,4,1,0,522.83,0,1,0.8660254037844386,0.5000000000000001,2,368.6180619328633,3.005654321218499,2,38.398857375336746,0.0,0,0,3.9
2.9301179815946465,0,0,0,70.69,0,1,0.0,1.0,0,8.585591386064285,1.3686694461925524,0,0.0,0.0,0,0,0.0
18.799062749546685,21,1,0,1063.7,1,0,-0.7071067811865477,0.7071067811865474,2,353.4047602613938,2.985634600698631,2,37.59812549909337,18.799062749546685,2,1,5.9
30.921494795160594,3,0,0,408.64,0,1,0.7071067811865476,0.7071067811865476,0,956.1388403671438,3.463279600907469,3,0.0,0.0,0,0,0.0
6.843258216391861,5,0,0,132.37,0,1,0.9659258262890683,0.25881904510252074,0,46.83018301621472,2.059654336854692,1,0.0,0.0,0,0,0.0
46.27769012908247,22,0,1,1024.6,0,1,-0.5000000000000004,0.8660254037844384,0,2141.6246036833772,3.856038516766542,4,0.0,0.0,0,0,1.3
4.805948250369091,12,0,0,99.38,0,0,1.2246467991473532e-16,-1.0,0,23.097138585225725,1.7588829524330383,0,0.0,0.0,0,0,0.0
46.570329271825145,18,0,1,2092.83,1,0,-1.0,-1.8369701987210297e-16,0,2168.795568486214,3.8622092322580555,4,0.0,46.570329271825145,0,0,3.3
35.64973837884864,10,1,1,1442.77,1,0,0.49999999999999994,-0.8660254037844387,0,1270.9038464803536,3.60140628994016,4,0.0,35.64973837884864,0,1,4.8
17.155896595295978,12,0,1,544.7,0,0,1.2246467991473532e-16,-1.0,2,294.32478798848814,2.898995389231888,2,34.311793190591956,0.0,0,0,3.7
20.14676703774557,7,0,1,992.01,1,0,0.9659258262890683,-0.25881904510252063,0,405.89222207319136,3.051487035072766,2,0.0,20.14676703774557,0,0,3.3
37.29965887190446,6,0,1,960.31,0,0,1.0,6.123233995736766e-17,1,1391.2645519604412,3.645440989408148,4,37.29965887190446,0.0,0,0,2.5
30.47208394317916,12,1,0,662.68,0,0,1.2246467991473532e-16,-1.0,1,928.5478998401572,3.449100928876851,3,30.47208394317916,0.0,0,0,2.7
33.91050315129232,0,1,0,734.38,0,1,0.0,1.0,1,1149.9222239738062,3.5527877338258085,3,33.91050315129232,0.0,0,0,2.7
20.06906620916052,5,0,0,327.71,0,1,0.9659258262890683,0.25881904510252074,1,402.76741850766865,3.0478059083318927,2,20.06906620916052,0.0,0,0,1.2
24.90286060857235,6,1,1,482.01,0,0,1.0,6.123233995736766e-17,0,620.1524664899845,3.2543534108139647,2,0.0,0.0,0,0,2.8
49.50350671785677,15,0,1,1069.0,0,0,-0.7071067811865471,-0.7071067811865479,0,2450.5971773648907,3.9220427738280317,4,0.0,0.0,0,0,1.3
11.482220654486166,14,0,1,310.66,0,0,-0.4999999999999997,-0.8660254037844388,0,131.84139115830874,2.5243052841705476,1,0.0,0.0,0,0,1.3
21.47495313958444,19,1,1,914.42,1,0,-0.9659258262890684,0.2588190451025203,0,461.17361234734756,3.112401495353706,2,0.0,21.47495313958444,0,1,4.8
15.299336191124398,1,0,1,368.44,0,1,0.25881904510252074,0.9659258262890683,0,234.06968788904882,2.791124382512557,2,0.0,0.0,0,0,1.3
38.49046401155264,22,1,0,725.98,0,1,-0.5000000000000004,0.8660254037844384,0,1481.5158198246288,3.6760592253321507,4,0.0,0.0,0,0,1.5
38.436618657620315,15,0,1,1111.14,0,0,-0.7071067811865471,-0.7071067811865479,2,1477.373653831326,3.674694792225923,4,76.87323731524063,0.0,0,0,3.7
15.329827588872398,16,0,0,292.52,0,0,-0.8660254037844385,-0.5000000000000004,2,235.0036139045533,2.7929933489886345,2,30.659655177744796,0.0,0,0,2.4
4.988125515016162,23,1,0,150.77,0,1,-0.25881904510252157,0.9659258262890681,0,24.881396153555254,1.7897784274292448,0,0.0,0.0,0,0,1.5
1.5602011569379983,14,1,0,80.42,0,0,-0.4999999999999997,-0.8660254037844388,0,2.4342276501106683,0.9400858323333715,0,0.0,0.0,0,0,1.5
21.94507612888179,2,0,0,305.42,0,1,0.49999999999999994,0.8660254037844387,0,481.5863663024174,3.1331033657267486,2,0.0,0.0,0,0,0.0
21.106542122452773,3,0,1,483.03,0,1,0.7071067811865476,0.7071067811865476,0,445.4861203668732,3.095873588357751,2,0.0,0.0,0,0,1.3
49.43110405335329,11,1,0,916.81,0,0,0.258819045102521,-0.9659258262890682,0,2443.4340479334396,3.92060812863807,4,0.0,0.0,0,0,1.5
24.020301709186302,4,0,1,724.03,0,1,0.8660254037844386,0.5000000000000001,2,576.9748942003384,3.219687563686535,2,48.040603418372605,0.0,0,0,3.7
13.564500109195611,16,1,0,281.67,0,0,-0.8660254037844385,-0.5000000000000004,0,183.99566321236776,2.67858706844895,2,0.0,0.0,0,0,1.5
44.670242610541905,5,1,0,841.67,0,1,0.9659258262890683,0.25881904510252074,0,1995.4305748846737,3.821446939434646,4,0.0,0.0,0,0,1.5
25.062329533025345,9,0,1,1200.59,1,0,0.7071067811865476,-0.7071067811865475,0,628.1203616219544,3.2604909588383624,3,0.0,25.062329533025345,0,0,3.3
30.35960612531831,21,0,1,1839.35,1,0,-0.7071067811865477,0.7071067811865474,2,921.7056840844651,3.4455206356239416,3,60.71921225063662,30.35960612531831,2,0,5.699999999999999
5.6877668109824215,17,0,0,321.89,1,0,-0.9659258262890683,-0.25881904510252063,2,32.35069129611315,1.9002800083955962,1,11.375533621964843,5.6877668109824215,2,0,4.4
19.76290395915893,9,0,0,709.26,1,0,0.7071067811865476,-0.7071067811865475,1,390.5723728989397,3.033167930940821,2,19.76290395915893,19.76290395915893,1,0,3.2
47.26696004921555,5,1,0,867.6,0,1,0.9659258262890683,0.25881904510252074,0,2234.165512294139,3.8767472696327587,4,0.0,0.0,0,0,1.5
29.885763824595845,23,1,1,566.19,0,1,-0.25881904510252157,0.9659258262890681,0,893.1588793795216,3.4302953600900943,3,0.0,0.0,0,0,2.8
17.88059090198062,5,0,1,422.15,0,1,0.9659258262890683,0.25881904510252074,0,319.71553100399217,2.938134458001987,2,0.0,0.0,0,0,1.3
31.657691850948062,19,0,0,948.26,1,0,-0.9659258262890684,0.2588190451025203,0,1002.2094533295833,3.4860804129980267,3,0.0,31.657691850948062,0,0,2.0
45.61014338932769,14,0,0,676.18,0,0,-0.4999999999999997,-0.8660254037844388,1,2080.285179995032,3.841818186743953,4,45.61014338932769,0.0,0,0,1.2
14.425539423156913,3,0,1,366.14,0,1,0.7071067811865476,0.7071067811865476,0,208.0961876490543,2.736024539887084,2,0.0,0.0,0,0,1.3
25.750719205063046,15,0,1,567.27,0,0,-0.7071067811865471,-0.7071067811865479,0,663.0995395780028,3.28656135915117,3,0.0,0.0,0,0,1.3
47.97584204167601,21,0,1,2482.18,1,0,-0.7071067811865477,0.7071067811865474,1,2301.681419607847,3.8913271569788916,4,47.97584204167601,47.97584204167601,1,0,4.5
9.44741102162418,23,0,0,150.35,0,1,-0.25881904510252157,0.9659258262890681,0,89.25357501150604,2.3463541985890624,1,0.0,0.0,0,0,0.0
36.26353235423887,7,1,1,1672.52,1,0,0.9659258262890683,-0.25881904510252063,1,1315.0437788069291,3.6180151635312208,4,36.26353235423887,36.26353235423887,1,1,6.0
31.109569401946136,6,0,1,698.72,0,0,1.0,6.123233995736766e-17,0,967.8053083745033,3.4691540979195143,3,0.0,0.0,0,0,1.3
34.304081425891106,18,1,1,1383.87,1,0,-1.0,-1.8369701987210297e-16,0,1176.770002474167,3.563998578385703,3,0.0,34.304081425891106,0,1,4.8
18.209761902710913,16,1,0,372.98,0,0,-0.8660254037844385,-0.5000000000000004,0,331.59542855342175,2.9554185822586203,2,0.0,0.0,0,0,1.5
16.380089300704483,20,0,1,1075.76,1,0,-0.8660254037844386,0.5000000000000001,2,268.3073254990535,2.8553252579543384,2,32.76017860140897,16.380089300704483,2,0,5.699999999999999
34.52627385883015,12,0,1,764.6,0,0,1.2246467991473532e-16,-1.0,0,1192.0635865749382,3.570272531435427,3,0.0,0.0,0,0,1.3
11.561620970122721,14,0,1,301.65,0,0,-0.4999999999999997,-0.8660254037844388,0,133.67107945678146,2.5306462108435586,1,0.0,0.0,0,0,1.3
21.56308249809125,1,0,0,302.79,0,1,0.25881904510252074,0.9659258262890683,0,464.9665268194892,3.116315052849761,2,0.0,0.0,0,0,0.0
10.220557656592982,9,1,0,573.03,1,0,0.7071067811865476,-0.7071067811865475,1,104.45979881174144,2.417747600873081,1,10.220557656592982,10.220557656592982,1,1,4.7
1.4069372150431574,12,0,0,67.67,0,0,1.2246467991473532e-16,-1.0,2,1.9794723270733956,0.8783550741413136,0,2.8138744300863148,0.0,0,0,2.4
48.5328106418654,17,0,0,1393.68,1,0,-0.9659258262890683,-0.25881904510252063,0,2355.433708799164,3.902635291242216,4,0.0,48.5328106418654,0,0,2.0
22.153445954164532,22,0,0,309.92,0,1,-0.5000000000000004,0.8660254037844384,0,490.77516764408887,3.142143622766331,2,0.0,0.0,0,0,0.0
48.498131106571435,10,1,0,2480.29,1,0,0.49999999999999994,-0.8660254037844387,2,2352.068720830192,3.9019349134390913,4,96.99626221314287,48.498131106571435,2,1,5.9
7.875852468623478,12,0,0,163.25,0,0,1.2246467991473532e-16,-1.0,1,62.02905210752253,2.1833343835513497,1,7.875852468623478,0.0,0,0,1.2
29.780972193416815,18,0,1,1600.06,1,0,-1.0,-1.8369701987210297e-16,1,886.9063047850656,3.426896713143146,3,29.780972193416815,29.780972193416815,1,0,4.5
10.847727606770741,23,0,0,155.15,0,1,-0.25881904510252157,0.9659258262890681,0,117.67319423069607,2.4721360860505284,1,0.0,0.0,0,0,0.0
39.71363222120046,23,1,0,746.9,0,1,-0.25881904510252157,0.9659258262890681,0,1577.1725842007716,3.706562980377166,4,0.0,0.0,0,0,1.5
39.40144644928779,21,0,1,2064.26,1,0,-0.7071067811865477,0.7071067811865474,1,1552.4739822960933,3.698865587526378,4,39.40144644928779,39.40144644928779,1,0,4.5
6.517750302926278,4,0,0,135.12,0,1,0.8660254037844386,0.5000000000000001,1,42.48106901129559,2.017266931359007,1,6.517750302926278,0.0,0,0,1.2
45.69115819094307,2,0,0,677.72,0,1,0.49999999999999994,0.8660254037844387,1,2087.6819368297843,3.843554814649547,4,45.69115819094307,0.0,0,0,1.2
10.536852712958007,18,0,0,378.92,1,0,-1.0,-1.8369701987210297e-16,0,111.02526509457051,2.4455464953695984,1,0.0,10.536852712958007,0,0,2.0
31.03588973787866,22,0,0,481.44,0,1,-0.5000000000000004,0.8660254037844384,1,963.2264518217619,3.4668568286362675,3,31.03588973787866,0.0,0,0,1.2
49.2960473842975,12,0,0,830.38,0,0,1.2246467991473532e-16,-1.0,2,2430.1002877149044,3.917926493188983,4,98.592094768595,0.0,0,0,2.4
44.237430203551824,4,0,0,752.66,0,1,0.8660254037844386,0.5000000000000001,2,1956.9502310141193,3.811924845999515,4,88.47486040710365,0.0,0,0,2.4
47.87163249949728,11,0,1,1039.27,0,0,0.258819045102521,-0.9659258262890682,0,2291.693198166924,3.889197115665757,4,0.0,0.0,0,0,1.3
17.787339789687852,13,0,0,277.96,0,0,-0.2588190451025208,-0.9659258262890683,1,316.3894567938127,2.9331832275477425,2,17.787339789687852,0.0,0,0,1.2
6.173206468753705,5,0,0,126.31,0,1,0.9659258262890683,0.25881904510252074,1,38.10847810586259,1.9703527608864202,1,6.173206468753705,0.0,0,0,1.2
10.228996791183055,21,0,1,753.88,1,0,-0.7071067811865477,0.7071067811865474,2,104.63237535403324,2.4184994318287663,1,20.45799358236611,10.228996791183055,2,0,5.699999999999999
25.52424985875408,8,0,0,897.22,1,0,0.8660254037844387,-0.4999999999999998,1,651.4873308521076,3.2780594035630695,3,25.52424985875408,25.52424985875408,1,0,3.2
39.86825423539278,16,1,0,987.91,0,0,-0.8660254037844385,-0.5000000000000004,2,1589.4776957779145,3.7103535816013022,4,79.73650847078557,0.0,0,0,3.9
8.357528565009886,7,0,1,637.11,1,0,0.9659258262890683,-0.25881904510252063,2,69.84828371495621,2.236181213424423,1,16.715057130019773,8.357528565009886,2,0,5.699999999999999
33.3268450807771,12,0,0,458.43,0,0,1.2246467991473532e-16,-1.0,0,1110.6786030381165,3.535927703473097,3,0.0,0.0,0,0,0.0
16.85530259793608,4,0,1,470.83,0,1,0.8660254037844386,0.5000000000000001,1,284.10122566799083,2.882300528420927,2,16.85530259793608,0.0,0,0,2.5
17.71890154721552,21,0,0,650.31,1,0,-0.7071067811865477,0.7071067811865474,1,313.95947203991653,2.929533791294464,2,17.71890154721552,17.71890154721552,1,0,3.2
33.43396877773839,21,0,1,1542.95,1,0,-0.7071067811865477,0.7071067811865474,0,1117.8302682307856,3.53904354162617,3,0.0,33.43396877773839,0,0,3.3
23.882971557127792,16,0,0,331.87,0,0,-0.8660254037844385,-0.5000000000000004,0,570.3963303985752,3.214183696314994,2,0.0,0.0,0,0,0.0
40.7896313582737,2,1,0,751.14,0,1,0.49999999999999994,0.8660254037844387,0,1663.7940263438654,3.7326482551305045,4,0.0,0.0,0,0,1.5
8.640006973478526,5,1,1,233.54,0,1,0.9659258262890683,0.25881904510252074,1,74.64972050175756,2.265921832012081,1,8.640006973478526,0.0,0,0,4.0
39.707465218584886,13,1,1,743.32,0,0,-0.2588190451025208,-0.9659258262890683,0,1576.6827940851285,3.7064114962330983,4,0.0,0.0,0,0,2.8
4.1475271548136226,14,1,1,149.99,0,0,-0.4999999999999997,-0.8660254037844388,2,17.201981499916382,1.638516435246082,0,8.295054309627245,0.0,0,0,5.199999999999999
10.508640132034644,13,1,1,274.29,0,0,-0.2588190451025208,-0.9659258262890683,1,110.43151742460911,2.443098069101853,1,10.508640132034644,0.0,0,0,4.0
33.15133601065511,10,1,1,1554.44,1,0,0.49999999999999994,-0.8660254037844387,1,1099.011079291358,3.530801707086263,3,33.15133601065511,33.15133601065511,1,1,6.0
42.89135716904249,10,0,0,1251.52,1,0,0.49999999999999994,-0.8660254037844387,0,1839.6685198023729,3.781717425278172,4,0.0,42.89135716904249,0,0,2.0
13.381301759228103,8,0,0,446.03,1,0,0.8660254037844387,-0.4999999999999998,0,179.05923677152114,2.6659288738722013,2,0.0,13.381301759228103,0,0,2.0
17.032388685616734,5,0,0,240.57,0,1,0.9659258262890683,0.25881904510252074,0,290.10226433792496,2.8921695123899047,2,0.0,0.0,0,0,0.0
27.318916666050256,14,0,1,624.32,0,0,-0.4999999999999997,-0.8660254037844388,0,746.3232078065985,3.3435300147764075,3,0.0,0.0,0,0,1.3
11.367067517975814,11,0,1,383.48,0,0,0.258819045102521,-0.9659258262890682,2,129.21022395822084,2.515037094272454,1,22.734135035951628,0.0,0,0,3.7
40.74665681778777,5,1,1,879.71,0,1,0.9659258262890683,0.25881904510252074,1,1660.2900418265708,3.7316193718699404,4,40.74665681778777,0.0,0,0,4.0
38.90819560528228,0,0,1,852.35,0,1,0.0,1.0,0,1513.8476852589074,3.686581706444538,4,0.0,0.0,0,0,1.3
8.119293886323298,15,0,1,293.74,0,0,-0.7071067811865471,-0.7071067811865479,2,65.92293321248688,2.2103923763435374,1,16.238587772646596,0.0,0,0,3.7
23.727656859014974,19,0,0,740.09,1,0,-0.9659258262890684,0.2588190451025203,0,563.0017000191604,3.20792232811654,2,0.0,23.727656859014974,0,0,2.0
38.966560566076446,14,0,0,513.27,0,0,-0.4999999999999997,-0.8660254037844388,0,1518.3928423497039,3.688043118634807,4,0.0,0.0,0,0,0.0
17.529147024067324,1,0,1,471.45,0,1,0.25881904510252074,0.9659258262890683,1,307.27099539136833,2.919345007077331,2,17.529147024067324,0.0,0,0,2.5
32.02223431316885,16,0,0,421.57,0,0,-0.8660254037844385,-0.5000000000000004,0,1025.4234904074885,3.497181101653077,3,0.0,0.0,0,0,0.0
3.4604429514210637,2,0,0,102.1,0,1,0.49999999999999994,0.8660254037844387,1,11.974665420039722,1.4952480775625412,0,3.4604429514210637,0.0,0,0,1.2
30.82574926593658,2,0,0,470.07,0,1,0.49999999999999994,0.8660254037844387,1,950.2268178063896,3.460275687479342,3,30.82574926593658,0.0,0,0,1.2
8.479996020029743,4,0,0,158.38,0,1,0.8660254037844386,0.5000000000000001,1,71.91033249972028,2.249183896438756,1,8.479996020029743,0.0,0,0,1.2
41.69858293060811,16,0,1,911.23,0,0,-0.8660254037844385,-0.5000000000000004,0,1738.7718184208022,3.7541657330470777,4,0.0,0.0,0,0,1.3
18.417023715443445,22,0,0,261.89,0,1,-0.5000000000000004,0.8660254037844384,0,339.1867625352063,2.966150192386832,2,0.0,0.0,0,0,0.0
14.79613927368159,16,0,1,366.23,0,0,-0.8660254037844385,-0.5000000000000004,0,218.92573740618275,2.759765560407665,2,0.0,0.0,0,0,1.3
42.20355985886277,19,0,0,1597.68,1,0,-0.9659258262890684,0.2588190451025203,2,1781.1404647606128,3.765922895995372,4,84.40711971772554,42.20355985886277,2,0,4.4
3.4570571305187,5,0,1,136.51,0,1,0.9659258262890683,0.25881904510252074,0,11.951244003670189,1.4944887120376855,0,0.0,0.0,0,0,1.3
20.433831167382895,0,0,1,474.21,0,1,0.0,1.0,0,417.5414561771086,3.064970569399789,2,0.0,0.0,0,0,1.3
19.13017348817654,6,0,1,584.03,0,0,1.0,6.123233995736766e-17,2,365.9635376877325,3.0022198580038584,2,38.26034697635308,0.0,0,0,3.7
14.955218338227992,14,0,1,417.81,0,0,-0.4999999999999997,-0.8660254037844388,1,223.65855554407082,2.7697859442638366,2,14.955218338227992,0.0,0,0,2.5
45.675962268072375,6,0,0,765.28,0,0,1.0,6.123233995736766e-17,2,2086.2935291143713,3.843229305563904,4,91.35192453614475,0.0,0,0,2.4
37.79549128231939,18,1,0,1967.99,1,0,-1.0,-1.8369701987210297e-16,2,1428.499161271881,3.658304035813079,4,75.59098256463878,37.79549128231939,2,1,5.9
4.132235045405,19,0,0,194.04,1,0,-0.9659258262890684,0.2588190451025203,0,17.075366470473266,1.635541245666607,0,0.0,4.132235045405,0,0,2.0
36.01968502231275,21,0,1,1645.55,1,0,-0.7071067811865477,0.7071067811865474,0,1297.4177091066215,3.6114497987977767,4,0.0,36.01968502231275,0,0,3.3
26.837657523310902,10,0,1,1263.83,1,0,0.49999999999999994,-0.8660254037844387,0,720.2598613385263,3.326389691240521,3,0.0,26.837657523310902,0,0,3.3
45.14252682567738,22,0,0,592.93,0,1,-0.5000000000000004,0.8660254037844384,0,2037.8477282070019,3.8317350155650693,4,0.0,0.0,0,0,0.0
16.334335250069564,13,0,1,456.18,0,0,-0.2588190451025208,-0.9659258262890683,1,266.81050806166513,2.8526892311314236,2,16.334335250069564,0.0,0,0,2.5
29.133937980869565,12,1,0,559.32,0,0,1.2246467991473532e-16,-1.0,0,848.7863422731542,3.405652044265529,3,0.0,0.0,0,0,1.5
25.537008462308314,19,1,0,1212.76,1,0,-0.9659258262890684,0.2588190451025203,1,652.1388012040064,3.2785403044766106,3,25.537008462308314,25.537008462308314,1,1,4.7
24.98848440515268,8,0,1,1197.49,1,0,0.8660254037844387,-0.4999999999999998,0,624.4243528665586,3.257653532414859,2,0.0,24.98848440515268,0,0,3.3
23.34916457634342,8,1,0,978.79,1,0,0.8660254037844387,-0.4999999999999998,0,545.1834864131704,3.192497539960296,2,0.0,23.34916457634342,0,1,3.5
11.075844301081784,15,0,0,193.03,0,0,-0.7071067811865471,-0.7071067811865479,1,122.67432698180582,2.4912071185088887,1,11.075844301081784,0.0,0,0,1.2
38.02978620212725,11,0,1,830.6,0,0,0.258819045102521,-0.9659258262890682,0,1446.264638579508,3.6643251033944626,4,0.0,0.0,0,0,1.3
23.115465604225147,9,0,1,1284.15,1,0,0.7071067811865476,-0.7071067811865475,1,534.3247501001158,3.182853360994721,2,23.115465604225147,23.115465604225147,1,0,4.5
47.96729747512768,5,0,0,802.4,0,1,0.9659258262890683,0.25881904510252074,2,2300.86162706739,3.891152676834347,4,95.93459495025536,0.0,0,0,2.4
13.779612932446039,17,0,1,819.01,1,0,-0.9659258262890683,-0.25881904510252063,1,189.87773256803413,2.6932487265740184,2,13.779612932446039,13.779612932446039,1,0,4.5
34.45444814172502,1,0,0,463.27,0,1,0.25881904510252074,0.9659258262890683,0,1187.1089967508185,3.568248721600978,3,0.0,0.0,0,0,0.0
47.09513690231631,19,0,0,1764.9,1,0,-0.9659258262890684,0.2588190451025203,2,2217.9519198479156,3.8731810680984236,4,94.19027380463262,47.09513690231631,2,0,4.4
33.50945782778854,8,0,1,1534.02,1,0,0.8660254037844387,-0.4999999999999998,0,1122.8837639123385,3.5412334264037275,3,0.0,33.50945782778854,0,0,3.3
43.692372473252334,18,0,0,1472.38,1,0,-1.0,-1.8369701987210297e-16,1,1909.0234123414182,3.799802848876898,4,43.692372473252334,43.692372473252334,1,0,3.2
41.5465670280933,5,0,0,537.74,0,1,0.9659258262890683,0.25881904510252074,0,1726.1172318198494,3.7505991708736306,4,0.0,0.0,0,0,0.0
18.64576805896119,1,0,0,267.22,0,1,0.25881904510252074,0.9659258262890683,0,347.6646665085773,2.977861949164519,2,0.0,0.0,0,0,0.0
30.40607305703533,14,0,1,902.88,0,0,-0.4999999999999997,-0.8660254037844388,2,924.5292787497698,3.447001283672733,3,60.81214611407066,0.0,0,0,3.7
8.656805650756425,16,0,0,135.86,0,0,-0.8660254037844385,-0.5000000000000004,0,74.94028407496837,2.2676629155628834,1,0.0,0.0,0,0,0.0
27.240768252084376,15,1,0,690.65,0,0,-0.7071067811865471,-0.7071067811865479,2,742.0594549637681,3.3407666166489314,3,54.48153650416875,0.0,0,0,3.9
12.290676618902523,20,0,0,431.25,1,0,-0.8660254037844386,0.5000000000000001,0,151.06073175043716,2.5870627833104916,2,0.0,12.290676618902523,0,0,2.0
37.443103932669835,7,1,0,1939.03,1,0,0.9659258262890683,-0.25881904510252063,2,1401.9860321127153,3.649179328310188,4,74.88620786533967,37.443103932669835,2,1,5.9
26.874862672714105,9,0,0,1071.99,1,0,0.7071067811865476,-0.7071067811865475,2,722.2582436772419,3.327725303228743,3,53.74972534542821,26.874862672714105,2,0,4.4
21.150140768951363,9,0,0,649.78,1,0,0.7071067811865476,-0.7071067811865475,0,447.32845454645854,3.097843851728348,2,0.0,21.150140768951363,0,0,2.0
14.1710577121819,17,1,1,738.41,1,0,-0.9659258262890683,-0.25881904510252063,1,200.8188766819901,2.7193895148706377,2,14.1710577121819,14.1710577121819,1,1,6.0
49.936225610223055,9,0,1,2571.67,1,0,0.7071067811865476,-0.7071067811865475,1,2493.626628195097,3.9305743719931012,4,49.936225610223055,49.936225610223055,1,0,4.5
4.513815523361702,8,0,1,435.25,1,0,0.8660254037844387,-0.4999999999999998,2,20.374530578941073,1.7072568559958203,0,9.027631046723403,4.513815523361702,2,0,5.699999999999999
3.134473348048581,23,0,0,69.89,0,1,-0.25881904510252157,0.9659258262890681,0,9.82492316962688,1.419359955926046,0,0.0,0.0,0,0,0.0
11.645612624199362,18,0,0,460.16,1,0,-1.0,-1.8369701987210297e-16,1,135.62029339291155,2.537310326888212,1,11.645612624199362,11.645612624199362,1,0,3.2
48.58255047276316,0,0,0,615.96,0,1,0.0,1.0,0,2360.26421043858,3.903638966848377,4,0.0,0.0,0,0,0.0
48.98267024767924,3,0,0,618.18,0,1,0.7071067811865476,0.7071067811865476,0,2399.3019845928807,3.9116763503037855,4,0.0,0.0,0,0,0.0
33.091459003834665,23,1,0,623.28,0,1,-0.25881904510252157,0.9659258262890681,0,1095.0446590024703,3.5290468838210907,3,0.0,0.0,0,0,1.5
44.12522669311383,2,0,1,1106.47,0,1,0.49999999999999994,0.8660254037844387,1,1947.0356307186853,3.809441440310539,4,44.12522669311383,0.0,0,0,2.5
11.484124811198974,9,0,0,519.29,1,0,0.7071067811865476,-0.7071067811865475,2,131.8851226791959,2.5244578220515215,1,22.96824962239795,11.484124811198974,2,0,4.4
48.630062614654555,11,1,0,896.2,0,0,0.258819045102521,-0.9659258262890682,0,2364.8829899052225,3.9045967512277002,4,0.0,0.0,0,0,1.5
7.996457656838668,17,0,0,346.46,1,0,-0.9659258262890683,-0.25881904510252063,1,63.943335057613766,2.196830906173302,1,7.996457656838668,7.996457656838668,1,0,3.2
5.955134220901256,22,0,0,125.33,0,1,-0.5000000000000004,0.8660254037844384,1,35.463623588949204,1.93948012366529,1,5.955134220901256,0.0,0,0,1.2
6.498365423116372,19,0,1,401.43,1,0,-0.9659258262890684,0.2588190451025203,0,42.22875317235442,2.0146850532046265,1,0.0,6.498365423116372,0,0,3.3
29.083268240355668,5,0,0,500.11,0,1,0.9659258262890683,0.25881904510252074,2,845.8364915404807,3.4039691447870495,3,58.166536480711336,0.0,0,0,2.4
39.26774563518457,20,0,1,1792.58,1,0,-0.8660254037844386,0.5000000000000001,0,1541.9558472695567,3.6955507920493855,4,0.0,39.26774563518457,0,0,3.3
18.96669171585702,1,0,0,269.96,0,1,0.25881904510252074,0.9659258262890683,0,359.73539464435936,2.994065471002942,2,0.0,0.0,0,0,0.0
48.9169034015202,9,0,1,2202.16,1,0,0.7071067811865476,-0.7071067811865475,0,2392.8634383936587,3.9103596909176095,4,0.0,48.9169034015202,0,0,3.3
22.286586767798145,1,1,0,565.7,0,1,0.25881904510252074,0.9659258262890683,2,496.69194975859534,3.147877519605269,2,44.57317353559629,0.0,0,0,3.9
8.371978987887598,8,1,1,562.19,1,0,0.8660254037844387,-0.4999999999999998,2,70.09003217363144,2.2377242786336033,1,16.743957975775196,8.371978987887598,2,1,7.199999999999999
23.8323706611207,9,0,0,734.45,1,0,0.7071067811865476,-0.7071067811865475,0,567.9818913290467,3.212148070642011,2,0.0,23.8323706611207,0,0,2.0
34.272821105699556,1,1,0,661.36,0,1,0.25881904510252074,0.9659258262890683,0,1174.626266543285,3.5631127270344964,3,0.0,0.0,0,0,1.5
41.77906324471456,7,0,0,1206.08,1,0,0.9659258262890683,-0.25881904510252063,0,1745.4901256058588,3.7560488063765205,4,0.0,41.77906324471456,0,0,2.0
23.479646207873053,23,0,0,368.93,0,1,-0.25881904510252157,0.9659258262890681,1,551.2937860468875,3.1978420052469225,2,23.479646207873053,0.0,0,0,1.2
30.086734476409205,16,0,0,469.45,0,0,-0.8660254037844385,-0.5000000000000004,1,905.2115914539503,3.436781184022442,3,30.086734476409205,0.0,0,0,1.2
14.099890895783815,16,0,1,457.24,0,0,-0.8660254037844385,-0.5000000000000004,2,198.80692327300733,2.7146875183499946,2,28.19978179156763,0.0,0,0,3.7
32.64990979387019,3,1,0,801.02,0,1,0.7071067811865476,0.7071067811865476,2,1066.0166095478603,3.516010375370062,3,65.29981958774037,0.0,0,0,3.9
49.31262525356684,17,0,0,1841.34,1,0,-0.9659258262890683,-0.25881904510252063,2,2431.7350093987184,3.918256044687571,4,98.62525050713369,49.31262525356684,2,0,4.4
3.403625056801899,11,0,1,163.4,0,0,0.258819045102521,-0.9659258262890682,1,11.584663527289731,1.4824280782701134,0,3.403625056801899,0.0,0,0,2.5
44.44000286455322,16,0,0,560.9,0,0,-0.8660254037844385,-0.5000000000000004,0,1974.9138546014985,3.816392837453238,4,0.0,0.0,0,0,0.0
28.551842635608615,8,0,0,987.37,1,0,0.8660254037844387,-0.4999999999999998,1,815.2077178885579,3.386146098442998,3,28.551842635608615,28.551842635608615,1,0,3.2
13.352834318552697,18,0,1,695.81,1,0,-1.0,-1.8369701987210297e-16,0,178.29818433871867,2.663947436190402,2,0.0,13.352834318552697,0,0,3.3
47.78959579045364,13,1,1,877.0,0,0,-0.2588190451025208,-0.9659258262890683,0,2283.845465814944,3.88751708911324,4,0.0,0.0,0,0,2.8
24.684360849886048,13,1,1,487.68,0,0,-0.2588190451025208,-0.9659258262890683,0,609.317670567387,3.245882279431536,2,0.0,0.0,0,0,2.8
17.252822331995894,16,0,1,476.95,0,0,-0.8660254037844385,-0.5000000000000004,1,297.65987841941626,2.904319716400223,2,17.252822331995894,0.0,0,0,2.5
9.893383785271217,1,0,0,184.39,0,1,0.25881904510252074,0.9659258262890683,1,97.87904272266744,2.3881556127638133,1,9.893383785271217,0.0,0,0,1.2
12.978158302576443,7,0,1,780.16,1,0,0.9659258262890683,-0.25881904510252063,1,168.43259292673386,2.63749599011432,2,12.978158302576443,12.978158302576443,1,0,4.5
41.809603037980686,4,1,0,786.71,0,1,0.8660254037844386,0.5000000000000001,0,1748.0429061935238,3.7567624474668344,4,0.0,0.0,0,0,1.5
31.106090456541125,6,0,0,476.97,0,0,1.0,6.123233995736766e-17,1,967.5888634905189,3.469045745987413,3,31.106090456541125,0.0,0,0,1.2
45.749035354927486,21,0,1,2077.25,1,0,-0.7071067811865477,0.7071067811865474,0,2092.9742359064053,3.8447936214026113,4,0.0,45.749035354927486,0,0,3.3
12.366454155731505,15,1,0,308.73,0,0,-0.7071067811865471,-0.7071067811865479,1,152.929188385809,2.592748146944327,2,12.366454155731505,0.0,0,0,2.7
6.935790118596172,15,0,0,126.83,0,0,-0.7071067811865471,-0.7071067811865479,0,48.1051845692163,2.0713829228833758,1,0.0,0.0,0,0,0.0
1.2982890178039104,16,0,0,78.52,0,0,-0.8660254037844385,-0.5000000000000004,2,1.6855543737502423,0.8321649407976056,0,2.5965780356078207,0.0,0,0,2.4
25.885239843183697,21,0,0,910.68,1,0,-0.7071067811865477,0.7071067811865474,1,670.0456417391448,3.2915774312999106,3,25.885239843183697,25.885239843183697,1,0,3.2
49.91703958871742,6,0,0,748.44,0,0,1.0,6.123233995736766e-17,1,2491.7108413015826,3.9301976335214364,4,49.91703958871742,0.0,0,0,1.2
35.05329817211331,19,0,0,1178.6,1,0,-0.9659258262890684,0.2588190451025203,1,1228.7337127430822,3.584998348370336,4,35.05329817211331,35.05329817211331,1,0,3.2
16.11133500629216,7,0,0,605.15,1,0,0.9659258262890683,-0.25881904510252063,1,259.5751156849751,2.8397411097751126,2,16.11133500629216,16.11133500629216,1,0,3.2
43.96607056828241,7,0,0,1273.84,1,0,0.9659258262890683,-0.25881904510252063,0,1933.015361215189,3.805908218007379,4,0.0,43.96607056828241,0,0,2.0
39.30439103341003,22,0,0,584.58,0,1,-0.5000000000000004,0.8660254037844384,1,1544.8351545072026,3.6964604216624855,4,39.30439103341003,0.0,0,0,1.2
1.7553431377504234,10,1,0,198.8,1,0,0.49999999999999994,-0.8660254037844387,0,3.081229531247502,1.013541985756652,0,0.0,1.7553431377504234,0,1,3.5
41.0261635465101,14,0,1,894.65,0,0,-0.4999999999999997,-0.8660254037844388,0,1683.146095344994,3.7382923659193747,4,0.0,0.0,0,0,1.3
15.725811104686302,17,1,0,706.67,1,0,-0.9659258262890683,-0.25881904510252063,0,247.30113490027503,2.8169531013816496,2,0.0,15.725811104686302,0,1,3.5
8.333999764596452,5,0,1,299.16,0,1,0.9659258262890683,0.25881904510252074,2,69.45555207629373,2.2336636223076165,1,16.667999529192905,0.0,0,0,3.7
12.090211147116655,21,0,0,424.59,1,0,-0.7071067811865477,0.7071067811865474,0,146.1732055818638,2.571864710205516,2,0.0,12.090211147116655,0,0,2.0
23.960410414381812,11,0,0,327.35,0,0,0.258819045102521,-0.9659258262890682,0,574.1012672256164,3.217290986249931,2,0.0,0.0,0,0,0.0
21.81852842633254,14,0,0,390.11,0,0,-0.4999999999999997,-0.8660254037844388,2,476.0481826906812,3.1275728562166836,2,43.63705685266508,0.0,0,0,2.4
15.155477669337111,22,0,0,276.13,0,1,-0.5000000000000004,0.8660254037844384,2,229.68850338577585,2.7822591667339305,2,30.310955338674223,0.0,0,0,2.4
9.438697788144603,5,0,0,151.02,0,1,0.9659258262890683,0.25881904510252074,0,89.08901593592583,2.3455198417383523,1,0.0,0.0,0,0,0.0
38.349308692466295,17,0,0,1457.57,1,0,-0.9659258262890683,-0.25881904510252063,2,1470.669477190071,3.6724784065379668,4,76.69861738493259,38.349308692466295,2,0,4.4
49.51537940301094,23,0,0,648.17,0,1,-0.25881904510252157,0.9659258262890681,0,2451.77279742412,3.922277832551499,4,0.0,0.0,0,0,0.0
39.11178744056483,19,1,0,1792.79,1,0,-0.9659258262890684,0.2588190451025203,1,1529.731916795925,3.691670242253633,4,39.11178744056483,39.11178744056483,1,1,4.7
15.500911415905518,8,0,1,907.52,1,0,0.8660254037844387,-0.4999999999999998,1,240.27825472375002,2.8034156167086173,2,15.500911415905518,15.500911415905518,1,0,4.5
12.995639109194535,7,0,1,785.83,1,0,0.9659258262890683,-0.25881904510252063,1,168.88663585642652,2.638745788891096,2,12.995639109194535,12.995639109194535,1,0,4.5
11.665627927230974,13,0,0,196.11,0,0,-0.2588190451025208,-0.9659258262890683,1,136.08687493659122,2.538891861950698,1,11.665627927230974,0.0,0,0,1.2
7.698058649962778,18,0,1,476.82,1,0,-1.0,-1.8369701987210297e-16,0,59.260106978266755,2.163099857077843,1,0.0,7.698058649962778,0,0,3.3
28.01519693492276,18,1,1,1161.17,1,0,-1.0,-1.8369701987210297e-16,0,784.8512593025056,3.3678197249682453,3,0.0,28.01519693492276,0,1,4.8
30.664618225713866,7,0,0,1055.1,1,0,0.9659258262890683,-0.25881904510252063,1,940.318810928783,3.455199913231062,3,30.664618225713866,30.664618225713866,1,0,3.2
35.56963037249373,1,0,1,806.39,0,1,0.25881904510252074,0.9659258262890683,0,1265.1986048358283,3.599218124713265,4,0.0,0.0,0,0,1.3
34.330455175749734,3,0,1,992.86,0,1,0.7071067811865476,0.7071067811865476,2,1178.5801525741617,3.5647453448360302,3,68.66091035149947,0.0,0,0,3.7
15.32433225288574,5,1,0,331.18,0,1,0.9659258262890683,0.25881904510252074,0,234.83515899683417,2.792656770980493,2,0.0,0.0,0,0,1.5
17.18523926444548,2,0,1,420.65,0,1,0.49999999999999994,0.8660254037844387,0,295.3324485762387,2.900610235594381,2,0.0,0.0,0,0,1.3
34.394212236674555,2,0,1,875.29,0,1,0.49999999999999994,0.8660254037844387,1,1182.9618353814137,3.566548310633641,3,34.394212236674555,0.0,0,0,2.5
18.12293439839779,18,0,0,580.78,1,0,-1.0,-1.8369701987210297e-16,0,328.4407512086298,2.950888368567072,2,0.0,18.12293439839779,0,0,2.0
11.418536291346339,10,0,0,401.28,1,0,0.49999999999999994,-0.8660254037844387,0,130.3829710367934,2.519190218622067,1,0.0,11.418536291346339,0,0,2.0
19.342471531140237,9,0,1,944.67,1,0,0.7071067811865476,-0.7071067811865475,0,374.13120493297055,3.0127108941107505,2,0.0,19.342471531140237,0,0,3.3
14.332123721320905,11,1,1,399.14,0,0,0.258819045102521,-0.9659258262890682,2,205.40977036324938,2.7299502169692427,2,28.66424744264181,0.0,0,0,5.199999999999999
5.327323339710312,13,1,0,158.78,0,0,-0.2588190451025208,-0.9659258262890683,0,28.380373965822233,1.8448772936021578,1,0.0,0.0,0,0,1.5
41.67680621155603,17,0,0,1209.74,1,0,-0.9659258262890683,-0.25881904510252063,0,1736.956175995595,3.7536555926016133,4,0.0,41.67680621155603,0,0,2.0
42.80245806869478,23,0,1,933.95,0,1,-0.25881904510252157,0.9659258262890681,0,1832.050416722375,3.7796899360975513,4,0.0,0.0,0,0,1.3
11.767764708177094,8,0,0,398.85,1,0,0.8660254037844387,-0.4999999999999998,0,138.48028622701833,2.5469236122933756,1,0.0,11.767764708177094,0,0,2.0
4.173837776734885,14,0,1,148.38,0,0,-0.4999999999999997,-0.8660254037844388,0,17.420921786499207,1.6436147297228043,0,0.0,0.0,0,0,1.3
37.202544430207794,23,0,0,629.12,0,1,-0.25881904510252157,0.9659258262890681,2,1384.029312081585,3.64290212151493,4,74.40508886041559,0.0,0,0,2.4
11.364902667307271,2,0,0,241.92,0,1,0.49999999999999994,0.8660254037844387,2,129.16101263736795,2.5148620293133863,1,22.729805334614543,0.0,0,0,2.4
20.27833898240615,22,1,0,405.47,0,1,-0.5000000000000004,0.8660254037844384,0,411.2110318853729,3.0576896060889105,2,0.0,0.0,0,0,1.5
4.1426273596317795,10,0,0,227.89,1,0,0.49999999999999994,-0.8660254037844387,1,17.16136144076977,1.6375641083310142,0,4.1426273596317795,4.1426273596317795,1,0,3.2
12.087209653163324,9,1,0,735.36,1,0,0.7071067811865476,-0.7071067811865475,2,146.10063719952464,2.5716353909009606,2,24.174419306326648,12.087209653163324,2,1,5.9
39.852211638152156,17,0,0,1152.35,1,0,-0.9659258262890683,-0.25881904510252063,0,1588.1987724520702,3.7099609603093104,4,0.0,39.852211638152156,0,0,2.0
40.41542589884489,3,0,1,868.36,0,1,0.7071067811865476,0.7071067811865476,0,1633.4066505850221,3.72365341768309,4,0.0,0.0,0,0,1.3
11.14715641949781,12,0,0,214.84,0,0,1.2246467991473532e-16,-1.0,2,124.25909624075123,2.4970951028475232,1,22.29431283899562,0.0,0,0,2.4
17.459778410227788,5,1,1,415.79,0,1,0.9659258262890683,0.25881904510252074,1,304.84386213425637,2.915594225223017,2,17.459778410227788,0.0,0,0,4.0
7.577682535593435,20,0,0,294.58,1,0,-0.8660254037844386,0.5000000000000001,0,57.42127261023774,2.149163776269409,1,0.0,7.577682535593435,0,0,2.0
4.634458883961196,12,1,0,144.64,0,0,1.2246467991473532e-16,-1.0,0,21.478209147126858,1.7289011151897824,0,0.0,0.0,0,0,1.5
49.61641400797206,19,1,0,1932.15,1,0,-0.9659258262890684,0.2588190451025203,0,2461.788539010486,3.9242759112004966,4,0.0,49.61641400797206,0,1,3.5
33.124103610997125,4,0,0,435.86,0,1,0.8660254037844386,0.5000000000000001,0,1097.2062400320729,3.5300039853505107,3,0.0,0.0,0,0,0.0
27.56272895071762,19,0,1,1483.81,1,0,-0.9659258262890684,0.2588190451025203,1,759.7040272107272,3.3521026844023454,3,27.56272895071762,27.56272895071762,1,0,4.5
38.50942651985968,13,1,1,833.64,0,0,-0.2588190451025208,-0.9659258262890683,1,1482.975930888472,3.6765392895080287,4,38.50942651985968,0.0,0,0,4.0
42.163780824698485,12,0,0,616.84,0,0,1.2246467991473532e-16,-1.0,1,1777.7844134332117,3.7650017367548005,4,42.163780824698485,0.0,0,0,1.2
40.529023634191645,13,0,1,887.58,0,0,-0.2588190451025208,-0.9659258262890683,0,1642.601756740865,3.7263925474744544,4,0.0,0.0,0,0,1.3
1.8104330152039538,7,0,0,140.53,1,0,0.9659258262890683,-0.25881904510252063,0,3.2776677025404797,1.033338569411137,0,0.0,1.8104330152039538,0,0,2.0
10.153587011334425,15,1,0,229.92,0,0,-0.7071067811865471,-0.7071067811865479,0,103.09532919673914,2.4117611512225676,1,0.0,0.0,0,0,1.5
33.09035980377372,12,0,0,550.11,0,0,1.2246467991473532e-16,-1.0,2,1094.9719119432036,3.529014640619596,3,66.18071960754745,0.0,0,0,2.4
19.412208042394184,23,1,1,465.3,0,1,-0.25881904510252157,0.9659258262890681,1,376.83382108119343,3.016133155310974,2,19.412208042394184,0.0,0,0,4.0
49.14164990199424,14,0,0,625.72,0,0,-0.4999999999999997,-0.8660254037844388,0,2414.901755090171,3.9148519980921153,4,0.0,0.0,0,0,0.0
33.604834839274446,18,0,1,1542.96,1,0,-1.0,-1.8369701987210297e-16,0,1129.2849245749135,3.543993407540765,3,0.0,33.604834839274446,0,0,3.3
47.87089652773112,0,0,0,804.88,0,1,0.0,1.0,2,2291.622734368739,3.8891820562689214,4,95.74179305546224,0.0,0,0,2.4
10.870877600643897,21,0,0,447.43,1,0,-0.7071067811865477,0.7071067811865474,1,118.17597980818122,2.474088140230935,1,10.870877600643897,10.870877600643897,1,0,3.2
43.33389437763613,1,1,1,803.99,0,1,0.25881904510252074,0.9659258262890683,0,1877.826401932124,3.791749494608218,4,0.0,0.0,0,0,2.8
16.746262984946043,17,1,0,749.61,1,0,-0.9659258262890683,-0.25881904510252063,0,280.43732396097397,2.8761749576962194,2,0.0,16.746262984946043,0,1,3.5
49.48867560365253,18,1,1,1933.7,1,0,-1.0,-1.8369701987210297e-16,0,2449.129013003553,3.9217490656623117,4,0.0,49.48867560365253,0,1,4.8
8.726744931584218,7,1,1,577.11,1,0,0.9659258262890683,-0.25881904510252063,2,76.15607710093083,2.274879300821596,1,17.453489863168436,8.726744931584218,2,1,7.199999999999999
26.300651123078,2,0,1,695.21,0,1,0.49999999999999994,0.8660254037844387,1,691.7242494978641,3.3069105525686893,3,26.300651123078,0.0,0,0,2.5
39.849382158018976,22,0,0,608.03,0,1,-0.5000000000000004,0.8660254037844384,1,1587.9732583758412,3.709891696540935,4,39.849382158018976,0.0,0,0,1.2
22.199481549597756,13,0,0,382.77,0,0,-0.2588190451025208,-0.9659258262890683,2,492.8169810709312,3.1441299314224698,2,44.39896309919551,0.0,0,0,2.4
23.93611894919469,8,1,1,1320.07,1,0,0.8660254037844387,-0.4999999999999998,2,572.937790349997,3.2163173126331057,2,47.87223789838938,23.93611894919469,2,1,7.199999999999999
49.33143397978131,7,0,0,1431.34,1,0,0.9659258262890683,-0.25881904510252063,0,2433.590378501522,3.918629811933779,4,0.0,49.33143397978131,0,0,2.0
21.84009936475651,16,1,0,438.59,0,0,-0.8660254037844385,-0.5000000000000004,0,476.98994026243776,3.128517735249297,2,0.0,0.0,0,0,1.5
30.599532929354115,22,0,0,400.8,0,1,-0.5000000000000004,0.8660254037844384,0,936.3314154946269,3.4531423397669885,3,0.0,0.0,0,0,0.0
3.6724433730823844,22,1,0,113.99,0,1,-0.5000000000000004,0.8660254037844384,0,13.486840328496722,1.5416821410836419,0,0.0,0.0,0,0,1.5
42.26829393030274,23,0,0,631.61,0,1,-0.25881904510252157,0.9659258262890681,1,1786.6086717784674,3.767420124994085,4,42.26829393030274,0.0,0,0,1.2
32.76023439999763,15,0,0,567.01,0,0,-0.7071067811865471,-0.7071067811865479,2,1073.232957942788,3.519283612831545,3,65.52046879999526,0.0,0,0,2.4
20.796985040277864,9,1,0,1021.89,1,0,0.7071067811865476,-0.7071067811865475,1,432.51458676554125,3.081771659325906,2,20.796985040277864,20.796985040277864,1,1,4.7
1.792307457771468,20,1,0,189.49,1,0,-0.8660254037844386,0.5000000000000001,0,3.2123660231832223,1.0268682998155756,0,0.0,1.792307457771468,0,1,3.5
29.99177220908169,9,0,0,903.23,1,0,0.7071067811865476,-0.7071067811865475,0,899.5064002414449,3.433721756646718,3,0.0,29.99177220908169,0,0,2.0
1.6202335957239473,23,1,1,68.11,0,1,-0.25881904510252157,0.9659258262890681,0,2.6251569047125516,0.9632634724718695,0,0.0,0.0,0,0,2.8
1.0589770815418775,5,1,1,96.54,0,1,0.9659258262890683,0.25881904510252074,2,1.1214324592309524,0.7222092971152616,0,2.117954163083755,0.0,0,0,5.199999999999999
31.188829545318377,21,0,0,921.03,1,0,-0.7071067811865477,0.7071067811865474,0,972.7430884069246,3.471619483833193,3,0.0,31.188829545318377,0,0,2.0
10.261836299393158,16,0,0,162.82,0,0,-0.8660254037844385,-0.5000000000000004,0,105.30528423554307,2.421419691066435,1,0.0,0.0,0,0,0.0
10.402489936186669,15,0,0,175.28,0,0,-0.7071067811865471,-0.7071067811865479,0,108.21179687246493,2.433831747006238,1,0.0,0.0,0,0,0.0
33.01030672580444,14,0,0,559.69,0,0,-0.4999999999999997,-0.8660254037844388,2,1089.68035013169,3.526663617673068,3,66.02061345160888,0.0,0,0,2.4
3.63116220902934,21,1,1,288.42,1,0,-0.7071067811865477,0.7071067811865474,1,13.185338988282835,1.5328078536676013,0,3.63116220902934,3.63116220902934,1,1,6.0
16.35687251225326,13,0,1,512.32,0,0,-0.2588190451025208,-0.9659258262890683,2,267.5472783821063,2.8539885381782537,2,32.71374502450652,0.0,0,0,3.7
8.322163204958933,3,0,1,266.1,0,1,0.7071067811865476,0.7071067811865476,1,69.25840040997234,2.2323947053020077,1,8.322163204958933,0.0,0,0,2.5
29.42864212003016,3,0,0,456.55,0,1,0.7071067811865476,0.7071067811865476,1,866.0449770288132,3.4153843398448926,3,29.42864212003016,0.0,0,0,1.2
33.42649258164239,1,0,0,447.42,0,1,0.25881904510252074,0.9659258262890683,0,1117.3304063105938,3.5388264011662374,3,0.0,0.0,0,0,0.0
36.33565682635313,10,0,1,1682.61,1,0,0.49999999999999994,-0.8660254037844387,0,1320.279957002503,3.6199488171105525,4,0.0,36.33565682635313,0,0,3.3
13.506329629009706,3,0,0,224.35,0,1,0.7071067811865476,0.7071067811865476,1,182.42094004746545,2.6745850803153126,2,13.506329629009706,0.0,0,0,1.2
5.373237830192616,20,0,0,311.07,1,0,-0.8660254037844386,0.5000000000000001,2,28.871684779813048,1.8521076340404583,1,10.746475660385231,5.373237830192616,2,0,4.4
4.855499190152994,20,0,0,227.9,1,0,-0.8660254037844386,0.5000000000000001,0,23.57587238557638,1.7673812521946903,0,0.0,4.855499190152994,0,0,2.0
21.881425874085465,15,1,0,448.94,0,0,-0.7071067811865471,-0.7071067811865479,0,478.79679828309685,3.1303254842413746,2,0.0,0.0,0,0,1.5
47.34637604407304,20,0,0,1566.16,1,0,-0.8660254037844386,0.5000000000000001,1,2241.6793245067734,3.8783912665374394,4,47.34637604407304,47.34637604407304,1,0,3.2
11.668722678104206,3,0,0,164.0,0,1,0.7071067811865476,0.7071067811865476,0,136.1590889385034,2.5391361745787844,1,0.0,0.0,0,0,0.0
13.580338465735917,0,0,1,392.24,0,1,0.0,1.0,1,184.42559284394656,2.679673940696242,2,13.580338465735917,0.0,0,0,2.5
5.943551303187087,23,0,1,210.6,0,1,-0.25881904510252157,0.9659258262890681,0,35.32580209361692,1.9378133587938007,1,0.0,0.0,0,0,1.3
30.672943420802582,18,0,0,909.41,1,0,-1.0,-1.8369701987210297e-16,0,940.8294580957564,3.4554627965792752,3,0.0,30.672943420802582,0,0,2.0
34.313770823411566,1,1,0,654.44,0,1,0.25881904510252074,0.9659258262890683,0,1177.4348681216109,3.5642729961787296,3,0.0,0.0,0,0,1.5
32.50362919987724,8,0,0,1095.01,1,0,0.8660254037844387,-0.4999999999999998,1,1056.4859111631122,3.5116537672879753,3,32.50362919987724,32.50362919987724,1,0,3.2
43.19538190919428,22,1,1,939.14,0,1,-0.5000000000000004,0.8660254037844384,1,1865.8410182811485,3.7886203019326232,4,43.19538190919428,0.0,0,0,4.0
24.834865916277515,12,0,0,322.99,0,0,1.2246467991473532e-16,-1.0,0,616.7705650794826,3.251724971722874,2,0.0,0.0,0,0,0.0
7.588394997586158,17,1,1,502.23,1,0,-0.9659258262890683,-0.25881904510252063,2,57.583738639390624,2.1504118730885713,1,15.176789995172316,7.588394997586158,2,1,7.199999999999999
15.18085140451622,15,1,0,320.72,0,0,-0.7071067811865471,-0.7071067811865479,0,230.4582493660021,2.783828531044203,2,0.0,0.0,0,0,1.5
33.45906869764624,15,0,1,747.1,0,0,-0.7071067811865471,-0.7071067811865479,0,1119.5092781138103,3.539772205129427,3,0.0,0.0,0,0,1.3
31.042976713336433,9,0,0,1078.74,1,0,0.7071067811865476,-0.7071067811865475,1,963.666403224748,3.467078024043713,3,31.042976713336433,31.042976713336433,1,0,3.2
27.019153357405163,8,0,0,826.31,1,0,0.8660254037844387,-0.4999999999999998,0,730.0346481509787,3.332888324799438,3,0.0,27.019153357405163,0,0,2.0
34.46525651574567,10,0,0,1157.64,1,0,0.49999999999999994,-0.8660254037844387,1,1187.8539066961496,3.5685535275545996,3,34.46525651574567,34.46525651574567,1,0,3.2
32.232151668291664,3,1,0,797.73,0,1,0.7071067811865476,0.7071067811865476,2,1038.911601167757,3.503517831046418,3,64.46430333658333,0.0,0,0,3.9
44.18491958378263,9,0,1,2296.11,1,0,0.7071067811865476,-0.7071067811865475,1,1952.3071186253378,3.8107633936418703,4,44.18491958378263,44.18491958378263,1,0,4.5
29.714802496436533,2,0,1,760.07,0,1,0.49999999999999994,0.8660254037844387,1,882.9694874022308,3.4247447043961783,3,29.714802496436533,0.0,0,0,2.5
39.151466576327266,5,1,0,847.73,0,1,0.9659258262890683,0.25881904510252074,1,1532.837335077271,3.692658967155978,4,39.151466576327266,0.0,0,0,2.7
13.186650642356925,2,1,1,293.81,0,1,0.49999999999999994,0.8660254037844387,0,173.8877551635723,2.6523014268315297,2,0.0,0.0,0,0,2.8
34.23094664486433,8,0,0,1007.79,1,0,0.8660254037844387,-0.4999999999999998,0,1171.7577082035486,3.561924862411227,3,0.0,34.23094664486433,0,0,2.0
45.20751180075111,2,1,1,836.12,0,1,0.49999999999999994,0.8660254037844387,0,2043.7191232150506,3.83314237796072,4,0.0,0.0,0,0,2.8
19.90088406709183,17,0,0,813.39,1,0,-0.9659258262890683,-0.25881904510252063,2,396.04518665182945,3.0397914579370044,2,39.80176813418366,19.90088406709183,2,0,4.4
39.176105179593684,7,0,1,1785.21,1,0,0.9659258262890683,-0.25881904510252063,0,1534.767217042587,3.693272420382573,4,0.0,39.176105179593684,0,0,3.3
36.51467575857633,21,0,0,1072.48,1,0,-0.7071067811865477,0.7071067811865474,0,1333.321545753962,3.624732209979569,4,0.0,36.51467575857633,0,0,2.0
3.9167836467193013,7,1,0,340.8,1,0,0.9659258262890683,-0.25881904510252063,2,15.341194135207749,1.592654586387759,0,7.833567293438603,3.9167836467193013,2,1,5.9
29.493907171579544,14,0,0,454.01,0,0,-0.4999999999999997,-0.8660254037844388,1,869.8905602457512,3.417526898791463,3,29.493907171579544,0.0,0,0,1.2
7.379278110839317,12,0,0,162.43,0,0,1.2246467991473532e-16,-1.0,2,54.453745437112275,2.125761766492108,1,14.758556221678633,0.0,0,0,2.4
48.39863943929897,6,0,0,717.32,0,0,1.0,6.123233995736766e-17,1,2342.4282995752656,3.899922882100001,4,48.39863943929897,0.0,0,0,1.2
40.75896763233215,18,0,0,1185.77,1,0,-1.0,-1.8369701987210297e-16,0,1661.2934424535,3.7319142218208183,4,0.0,40.75896763233215,0,0,2.0
6.376466261108885,7,0,1,536.84,1,0,0.9659258262890683,-0.25881904510252063,2,40.659321979059925,1.998294697530399,1,12.75293252221777,6.376466261108885,2,0,5.699999999999999
6.965847884736242,9,1,1,373.29,1,0,0.7071067811865476,-0.7071067811865475,0,48.52303675328437,2.075163389013013,1,0.0,6.965847884736242,0,1,4.8
30.129218890718327,16,0,1,683.47,0,0,-0.8660254037844385,-0.5000000000000004,0,907.7698309648181,3.438146892288995,3,0.0,0.0,0,0,1.3
17.899569534485984,0,0,1,488.41,0,1,0.0,1.0,1,320.3945895198988,2.939139145853098,2,17.899569534485984,0.0,0,0,2.5
2.7103870945823547,12,1,1,127.18,0,0,1.2246467991473532e-16,-1.0,1,7.346198202478578,1.311136209338856,0,2.7103870945823547,0.0,0,0,4.0
27.540433883819603,12,1,1,679.32,0,0,1.2246467991473532e-16,-1.0,2,758.4754985090389,3.3513218145897397,3,55.080867767639205,0.0,0,0,5.199999999999999
20.0044098846065,23,0,1,615.23,0,1,-0.25881904510252157,0.9659258262890681,2,400.1764148313422,3.0447324101827347,2,40.008819769213,0.0,0,0,3.7
5.95274812621539,15,0,0,140.33,0,0,-0.7071067811865471,-0.7071067811865479,2,35.435210254160836,1.9391369952651896,1,11.90549625243078,0.0,0,0,2.4
40.29409922054315,8,1,1,1601.63,1,0,0.8660254037844387,-0.4999999999999998,0,1623.6144319949763,3.7207196137433325,4,0.0,40.29409922054315,0,1,4.8
45.83876149866149,9,1,1,2066.95,1,0,0.7071067811865476,-0.7071067811865475,1,2101.192055731171,3.8467110972753646,4,45.83876149866149,45.83876149866149,1,1,6.0
38.07310276669237,5,0,1,964.12,0,1,0.9659258262890683,0.25881904510252074,1,1449.5611542831184,3.6654343214932625,4,38.07310276669237,0.0,0,0,2.5
41.298693190797586,4,0,0,687.38,0,1,0.8660254037844386,0.5000000000000001,2,1705.582059267631,3.7447561917404357,4,82.59738638159517,0.0,0,0,2.4
11.608037796039751,1,0,0,177.39,0,1,0.25881904510252074,0.9659258262890683,0,134.7465414742874,2.5343345308933705,1,0.0,0.0,0,0,0.0
13.915074595011449,10,0,1,723.85,1,0,0.49999999999999994,-0.8660254037844387,0,193.62930098473302,2.7023724192959047,2,0.0,13.915074595011449,0,0,3.3
11.217849474660198,8,0,1,799.4,1,0,0.8660254037844387,-0.4999999999999998,2,125.8401468361341,2.5028979541860754,1,22.435698949320397,11.217849474660198,2,0,5.699999999999999
38.488108136912636,5,0,0,502.38,0,1,0.9659258262890683,0.25881904510252074,0,1481.3344679586808,3.6759995667544727,4,0.0,0.0,0,0,0.0
47.447936867790354,7,0,0,1591.78,1,0,0.9659258262890683,-0.25881904510252063,1,2251.3067130098193,3.8804897547219603,4,47.447936867790354,47.447936867790354,1,0,3.2
36.12502312996123,8,1,0,1444.83,1,0,0.8660254037844387,-0.4999999999999998,0,1305.0172961402338,3.6142912201519284,4,0.0,36.12502312996123,0,1,3.5
44.191871479098246,8,0,0,1282.12,1,0,0.8660254037844387,-0.4999999999999998,0,1952.921504825137,3.8109172361327923,4,0.0,44.191871479098246,0,0,2.0
32.29625564927545,7,0,0,1131.77,1,0,0.9659258262890683,-0.25881904510252063,1,1043.0481289633565,3.505444947699513,3,32.29625564927545,32.29625564927545,1,0,3.2
19.995335127381153,11,1,1,401.33,0,0,0.258819045102521,-0.9659258262890682,0,399.8134268562827,3.044300276256018,2,0.0,0.0,0,0,2.8
21.862319131584954,7,0,1,1228.05,1,0,0.9659258262890683,-0.25881904510252063,1,477.9609978112655,3.129490102546706,2,21.862319131584954,21.862319131584954,1,0,4.5
4.690750176202837,2,0,1,167.34,0,1,0.49999999999999994,0.8660254037844387,0,22.003137215546943,1.7388420806083857,0,0.0,0.0,0,0,1.3
2.541402567055278,12,1,0,120.19,0,0,1.2246467991473532e-16,-1.0,0,6.458727007835157,1.2645228540599032,0,0.0,0.0,0,0,1.5
35.07830460526479,18,0,1,1606.45,1,0,-1.0,-1.8369701987210297e-16,0,1230.487453979741,3.585691704214111,4,0.0,35.07830460526479,0,0,3.3
22.48301570854785,1,1,0,500.67,0,1,0.25881904510252074,0.9659258262890683,1,505.4859953508094,3.156277424044208,2,22.48301570854785,0.0,0,0,2.7
28.058538334676847,16,0,0,367.76,0,0,-0.8660254037844385,-0.5000000000000004,0,787.2815734785302,3.3693123586898333,3,0.0,0.0,0,0,0.0
28.3254011334984,15,0,0,438.27,0,0,-0.7071067811865471,-0.7071067811865479,1,802.3283493735923,3.37845407333766,3,28.3254011334984,0.0,0,0,1.2
14.59141485333177,3,1,1,348.17,0,1,0.7071067811865476,0.7071067811865476,1,212.909387422031,2.7467204328537727,2,14.59141485333177,0.0,0,0,4.0
24.318733030645042,17,0,1,1322.34,1,0,-0.9659258262890683,-0.25881904510252063,1,591.4007762157862,3.231544557739858,2,24.318733030645042,24.318733030645042,1,0,4.5
24.06725086171741,13,1,1,537.11,0,0,-0.2588190451025208,-0.9659258262890683,1,579.2325640408375,3.221562247669732,2,24.06725086171741,0.0,0,0,4.0
20.032933840164993,1,0,0,283.34,0,1,0.25881904510252074,0.9659258262890683,0,401.31843824442774,3.046089487362628,2,0.0,0.0,0,0,0.0
41.21309378665245,12,0,0,527.33,0,0,1.2246467991473532e-16,-1.0,0,1698.5190994674108,3.742730452219858,4,0.0,0.0,0,0,0.0
23.107036180692198,20,1,0,1125.66,1,0,-0.8660254037844386,0.5000000000000001,1,533.9351210558183,3.1825037555903224,2,23.107036180692198,23.107036180692198,1,1,4.7
30.578581700793404,19,0,1,1419.37,1,0,-0.9659258262890684,0.2588190451025203,0,935.0496588320972,3.452479096507788,3,0.0,30.578581700793404,0,0,3.3
44.880485898660474,16,0,1,1271.22,0,0,-0.8660254037844385,-0.5000000000000004,2,2014.2580144998617,3.8260398828472097,4,89.76097179732095,0.0,0,0,3.7
43.4454475200872,14,0,0,726.62,0,0,-0.4999999999999997,-0.8660254037844388,2,1887.506910220651,3.794262538719044,4,86.8908950401744,0.0,0,0,2.4
44.630687985179094,19,0,0,1296.54,1,0,-0.9659258262890684,0.2588190451025203,0,1991.8983100304094,3.8205804723005343,4,0.0,44.630687985179094,0,0,2.0
14.230244826785684,4,1,1,351.33,0,1,0.8660254037844386,0.5000000000000001,1,202.49986783026074,2.7232832420756767,2,14.230244826785684,0.0,0,0,4.0
2.7141419270950786,6,1,1,148.53,0,0,1.0,6.123233995736766e-17,2,7.366566400415387,1.3121476762809021,0,5.428283854190157,0.0,0,0,5.199999999999999
13.792273194871132,17,0,0,467.91,1,0,-0.9659258262890683,-0.25881904510252063,0,190.22679988196074,2.694104963010482,2,0.0,13.792273194871132,0,0,2.0
14.656659935414723,23,0,1,416.2,0,1,-0.25881904510252157,0.9659258262890681,1,214.8176804623911,2.7508963814418994,2,14.656659935414723,0.0,0,0,2.5
45.55865600952343,10,0,1,2064.23,1,0,0.49999999999999994,-0.8660254037844387,0,2075.5911373940853,3.8407129372317175,4,0.0,45.55865600952343,0,0,3.3
32.81289390906056,17,0,0,1128.34,1,0,-0.9659258262890683,-0.25881904510252063,1,1076.6860066872637,3.5208422063446996,3,32.81289390906056,32.81289390906056,1,0,3.2
5.003494020509209,4,1,0,203.64,0,1,0.8660254037844386,0.5000000000000001,2,25.034952413271412,1.7923416364873417,1,10.006988041018419,0.0,0,0,3.9
7.633551204543956,12,0,0,150.09,0,0,1.2246467991473532e-16,-1.0,1,58.27110399239448,2.155655915766521,1,7.633551204543956,0.0,0,0,1.2
8.628130151556796,17,0,0,370.74,1,0,-0.9659258262890683,-0.25881904510252063,1,74.4446299122035,2.2646890378557143,1,8.628130151556796,8.628130151556796,1,0,3.2
31.890665660277236,1,1,1,801.77,0,1,0.25881904510252074,0.9659258262890683,2,1017.0145562555857,3.493188898983002,3,63.78133132055447,0.0,0,0,5.199999999999999
37.03528724984315,19,0,0,1237.46,1,0,-0.9659258262890684,0.2588190451025203,1,1371.6125016783947,3.638514340671125,4,37.03528724984315,37.03528724984315,1,0,3.2
43.12255161770441,3,0,0,639.45,0,1,0.7071067811865476,0.7071067811865476,1,1859.5544580215812,3.7869710262965133,4,43.12255161770441,0.0,0,0,1.2
47.09119098950591,12,0,0,701.41,0,0,1.2246467991473532e-16,-1.0,1,2217.5802688101226,3.873099020828316,4,47.09119098950591,0.0,0,0,1.2
10.883523311935647,23,1,0,290.9,0,1,-0.25881904510252157,0.9659258262890681,1,118.45107968144669,2.475152845043562,1,10.883523311935647,0.0,0,0,2.7
16.178851751478405,15,0,1,496.74,0,0,-0.7071067811865471,-0.7071067811865479,2,261.75524399631587,2.8436790779707963,2,32.35770350295681,0.0,0,0,3.7
12.775821156496702,5,0,0,240.6,0,1,0.9659258262890683,0.25881904510252074,2,163.22160622278875,2.6229149653491235,2,25.551642312993405,0.0,0,0,2.4
18.57931680584075,7,1,0,905.39,1,0,0.9659258262890683,-0.25881904510252063,1,345.19101297179657,2.9744737440442086,2,18.57931680584075,18.57931680584075,1,1,4.7
45.818590263763724,15,1,1,983.73,0,0,-0.7071067811865471,-0.7071067811865479,1,2099.3432137586638,3.8462803519077013,4,45.818590263763724,0.0,0,0,4.0
29.180515780028713,12,1,0,563.47,0,0,1.2246467991473532e-16,-1.0,0,851.5025011885048,3.4071965433205307,3,0.0,0.0,0,0,1.5
37.17140296890045,22,0,1,1079.22,0,1,-0.5000000000000004,0.8660254037844384,2,1381.7131986763814,3.642086621882039,4,74.3428059378009,0.0,0,0,3.7
25.015842570212317,3,0,0,391.45,0,1,0.7071067811865476,0.7071067811865476,1,625.7923794976468,3.2587056820791145,3,25.015842570212317,0.0,0,0,1.2
2.414037753470102,1,0,1,151.97,0,1,0.25881904510252074,0.9659258262890683,1,5.827578275178976,1.2278956827381997,0,2.414037753470102,0.0,0,0,2.5
4.145578813892902,8,0,1,307.47,1,0,0.8660254037844387,-0.4999999999999998,0,17.18582370219768,1.6381378632290613,0,0.0,4.145578813892902,0,0,3.3
27.358228532126404,17,0,0,1074.34,1,0,-0.9659258262890683,-0.25881904510252063,2,748.4726684160553,3.344917236106732,3,54.71645706425281,27.358228532126404,2,0,4.4
36.22066270618126,16,0,1,805.46,0,0,-0.8660254037844385,-0.5000000000000004,0,1311.9364068749499,3.616864056165248,4,0.0,0.0,0,0,1.3
11.551195848907843,7,0,0,396.18,1,0,0.9659258262890683,-0.25881904510252063,0,133.43012553982578,2.5298159478038627,1,0.0,11.551195848907843,0,0,2.0
36.3735691256229,14,0,1,929.38,0,0,-0.4999999999999997,-0.8660254037844388,1,1323.0365309364674,3.620963746713719,4,36.3735691256229,0.0,0,0,2.5
40.72262290069211,8,1,0,1859.51,1,0,0.8660254037844387,-0.4999999999999998,1,1658.3320159119735,3.731043497300496,4,40.72262290069211,40.72262290069211,1,1,4.7
21.18297643974345,16,0,1,495.84,0,0,-0.8660254037844385,-0.5000000000000004,0,448.718490846726,3.099325167677406,2,0.0,0.0,0,0,1.3
37.57454240936114,22,0,0,563.53,0,1,-0.5000000000000004,0.8660254037844384,1,1411.846237272879,3.652592535816226,4,37.57454240936114,0.0,0,0,1.2
20.797467566094536,1,0,1,495.02,0,1,0.25881904510252074,0.9659258262890683,0,432.5346571627542,3.081793796354259,2,0.0,0.0,0,0,1.3
34.23918084329598,5,0,1,759.23,0,1,0.9659258262890683,0.25881904510252074,0,1172.3215048199268,3.562158555715401,3,0.0,0.0,0,0,1.3
38.43585541665761,4,0,1,838.12,0,1,0.8660254037844386,0.5000000000000001,0,1477.3149816102082,3.6746754384279936,4,0.0,0.0,0,0,1.3
49.60440429709743,16,0,0,826.37,0,0,-0.8660254037844385,-0.5000000000000004,2,2460.596925669898,3.924038613950146,4,99.20880859419486,0.0,0,0,2.4
17.92443644111621,1,1,0,362.26,0,1,0.25881904510252074,0.9659258262890683,0,321.28542173161475,2.940454020339368,2,0.0,0.0,0,0,1.5
21.140998248155963,17,1,0,890.7,1,0,-0.9659258262890683,-0.25881904510252063,0,446.9418069285335,3.0974310142566486,2,0.0,21.140998248155963,0,1,3.5
9.115382911098395,9,0,0,372.68,1,0,0.7071067811865476,-0.7071067811865475,1,83.09020561594465,2.314057325671699,1,9.115382911098395,9.115382911098395,1,0,3.2
10.999579861688538,9,1,0,533.75,1,0,0.7071067811865476,-0.7071067811865475,0,120.99075713366403,2.4848716376491273,1,0.0,10.999579861688538,0,1,3.5
34.97635512732051,5,0,0,533.97,0,1,0.9659258262890683,0.25881904510252074,1,1223.3454179924397,3.582861920648297,3,34.97635512732051,0.0,0,0,1.2
45.93523391756933,11,1,0,1118.03,0,0,0.258819045102521,-0.9659258262890682,2,2110.0457150618117,3.848768649638671,4,91.87046783513865,0.0,0,0,3.9
20.335642631400788,16,0,0,369.26,0,0,-0.8660254037844385,-0.5000000000000004,2,413.53836123204513,3.0603790371800446,2,40.671285262801575,0.0,0,0,2.4
9.812377894941521,12,0,0,166.38,0,0,1.2246467991473532e-16,-1.0,0,96.282759953137,2.3806915792408465,1,0.0,0.0,0,0,0.0
14.96987546976671,19,1,0,765.36,1,0,-0.9659258262890684,0.2588190451025203,1,224.09717158032305,2.770704164436137,2,14.96987546976671,14.96987546976671,1,1,4.7
23.29753353559879,15,0,0,352.24,0,0,-0.7071067811865471,-0.7071067811865479,1,542.7750688423504,3.1903748446023266,2,23.29753353559879,0.0,0,0,1.2
15.24186613890305,9,0,1,776.37,1,0,0.7071067811865476,-0.7071067811865475,0,232.31448339623938,2.7875922381628557,2,0.0,15.24186613890305,0,0,3.3
12.445375072971446,20,1,0,577.75,1,0,-0.8660254037844386,0.5000000000000001,0,154.88736070693903,2.5986351861685684,2,0.0,12.445375072971446,0,1,3.5
37.0632399490969,1,1,0,700.94,0,1,0.25881904510252074,0.9659258262890683,0,1373.6837555243321,3.639248985651516,4,0.0,0.0,0,0,1.5
1.3844011407905366,1,0,0,66.86,0,1,0.25881904510252074,0.9659258262890683,0,1.916566518622139,0.8689479988027653,0,0.0,0.0,0,0,0.0
27.422295839487674,22,0,0,482.36,0,1,-0.5000000000000004,0.8660254037844384,2,751.982309108383,3.3471739019356965,3,54.84459167897535,0.0,0,0,2.4
39.89457354445794,6,1,1,877.08,0,0,1.0,6.123233995736766e-17,1,1591.5769982941636,3.7109973780718715,4,39.89457354445794,0.0,0,0,4.0
14.045186029555941,5,1,0,301.26,0,1,0.9659258262890683,0.25881904510252074,0,197.26725060483338,2.7110580748813327,2,0.0,0.0,0,0,1.5
30.56128401998885,0,0,0,407.54,0,1,0.0,1.0,0,933.9920809504258,3.4519311801940664,3,0.0,0.0,0,0,0.0
33.776105175312274,11,1,1,836.33,0,0,0.258819045102521,-0.9659258262890682,2,1140.8252808137565,3.5489305180467747,3,67.55221035062455,0.0,0,0,5.199999999999999
33.09621012384941,12,1,1,632.53,0,0,1.2246467991473532e-16,-1.0,0,1095.359124561992,3.5291862380498893,3,0.0,0.0,0,0,2.8
22.84663207573717,11,0,0,364.2,0,0,0.258819045102521,-0.9659258262890682,1,521.9685972041025,3.1716429946055387,2,22.84663207573717,0.0,0,0,1.2
17.98232140591318,18,1,0,772.85,1,0,-1.0,-1.8369701987210297e-16,0,323.36388314556336,2.9435080937066234,2,0.0,17.98232140591318,0,1,3.5
41.96027957836286,8,0,0,1596.62,1,0,0.8660254037844387,-0.4999999999999998,2,1760.665062294375,3.7602759580556637,4,83.92055915672572,41.96027957836286,2,0,4.4
38.16385189299335,9,0,0,1308.53,1,0,0.7071067811865476,-0.7071067811865475,1,1456.4795913103321,3.667754175771707,4,38.16385189299335,38.16385189299335,1,0,3.2
16.741503497281712,16,0,0,233.83,0,0,-0.8660254037844385,-0.5000000000000004,0,280.2779393494958,2.875906725109914,2,0.0,0.0,0,0,0.0
6.047940527668098,17,0,1,394.81,1,0,-0.9659258262890683,-0.25881904510252063,0,36.577584626210275,1.9527354504127061,1,0.0,6.047940527668098,0,0,3.3
4.51856972682799,7,1,0,320.59,1,0,0.9659258262890683,-0.25881904510252063,1,20.417472376206376,1.7081187192561693,0,4.51856972682799,4.51856972682799,1,1,4.7
5.619522917047866,6,0,1,242.05,0,0,1.0,6.123233995736766e-17,2,31.579037815226158,1.8900233004407738,1,11.239045834095732,0.0,0,0,3.7
29.560598698410097,8,1,0,1213.87,1,0,0.8660254037844387,-0.4999999999999998,0,873.8289954084447,3.419711555022981,3,0.0,29.560598698410097,0,1,3.5
3.531446615620495,9,1,0,277.85,1,0,0.7071067811865476,-0.7071067811865475,1,12.471115198977447,1.5110412297129727,0,3.531446615620495,3.531446615620495,1,1,4.7
17.509416873237882,11,1,1,349.66,0,0,0.258819045102521,-0.9659258262890682,0,306.57967924082743,2.9182796227524763,2,0.0,0.0,0,0,2.8
37.906785393797236,14,0,0,626.69,0,0,-0.4999999999999997,-0.8660254037844388,2,1436.9243788913996,3.6611686671301102,4,75.81357078759447,0.0,0,0,2.4
15.423060159253527,14,0,0,271.4,0,0,-0.4999999999999997,-0.8660254037844388,1,237.87078467595344,2.7986864544585925,2,15.423060159253527,0.0,0,0,1.2
38.40209578182636,3,0,0,494.12,0,1,0.7071067811865476,0.7071067811865476,0,1474.720960436566,3.673819007321362,4,0.0,0.0,0,0,0.0
37.52788487214571,3,1,0,705.01,0,1,0.7071067811865476,0.7071067811865476,0,1408.342142977023,3.6513822615212215,4,0.0,0.0,0,0,1.5
13.0455294990276,22,0,0,193.61,0,1,-0.5000000000000004,0.8660254037844384,0,170.1858399099993,2.6423041600255375,2,0.0,0.0,0,0,0.0
36.71228682454453,0,1,0,803.69,0,1,0.0,1.0,1,1347.7920038876257,3.6299859518220576,4,36.71228682454453,0.0,0,0,2.7
37.64105527533294,11,1,0,713.32,0,0,0.258819045102521,-0.9659258262890682,0,1416.8490422406696,3.654315319409617,4,0.0,0.0,0,0,1.5
20.475242357684316,1,1,0,416.27,0,1,0.25881904510252074,0.9659258262890683,0,419.23554960590997,3.0669007533798305,2,0.0,0.0,0,0,1.5
11.310603703334394,14,0,1,379.58,0,0,-0.4999999999999997,-0.8660254037844388,2,127.92975613388171,2.5104609806944578,1,22.621207406668788,0.0,0,0,3.7
26.542269537701586,16,0,0,363.96,0,0,-0.8660254037844385,-0.5000000000000004,0,704.4920722120015,3.315721898681475,3,0.0,0.0,0,0,0.0
46.14848181200962,6,1,0,990.73,0,0,1.0,6.123233995736766e-17,1,2129.6823735533826,3.8533018094520424,4,46.14848181200962,0.0,0,0,2.7
32.341219889171036,5,0,1,728.69,0,1,0.9659258262890683,0.25881904510252074,0,1045.9545039197121,3.5067944660105335,3,0.0,0.0,0,0,1.3
9.4732023837358,11,1,1,210.98,0,0,0.258819045102521,-0.9659258262890682,0,89.74156340321763,2.348819840936942,1,0.0,0.0,0,0,2.8
34.45508931194247,18,0,0,1011.25,1,0,-1.0,-1.8369701987210297e-16,0,1187.1531794939324,3.5682668057752798,3,0.0,34.45508931194247,0,0,2.0
21.932948336809893,0,1,0,515.99,0,1,0.0,1.0,1,481.05422274517184,3.132574668491171,2,21.932948336809893,0.0,0,0,2.7
29.984911070413276,20,1,1,1422.51,1,0,-0.8660254037844386,0.5000000000000001,1,899.0948919005926,3.4335003463248555,3,29.984911070413276,29.984911070413276,1,1,6.0
36.96913771613229,13,0,0,628.16,0,0,-0.2588190451025208,-0.9659258262890683,2,1366.7171434743548,3.6367736643764754,4,73.93827543226458,0.0,0,0,2.4
26.232420224207797,3,0,1,599.02,0,1,0.7071067811865476,0.7071067811865476,0,688.1398708194263,3.3044081835368777,3,0.0,0.0,0,0,1.3
40.885214754092125,4,1,1,765.36,0,1,0.8660254037844386,0.5000000000000001,0,1671.6007854882323,3.7349328948241465,4,0.0,0.0,0,0,2.8
36.38562338651476,0,0,0,624.25,0,1,0.0,1.0,2,1323.9135892252898,3.6212862290892307,4,72.77124677302952,0.0,0,0,2.4
31.138593660907024,0,0,0,402.12,0,1,0.0,1.0,0,969.6120151790791,3.4700576026907535,3,0.0,0.0,0,0,0.0
8.388847975785223,20,0,1,495.58,1,0,-0.8660254037844386,0.5000000000000001,0,70.37277036083584,2.23952259940874,1,0.0,8.388847975785223,0,0,3.3
41.961506434666845,5,0,0,535.29,0,1,0.9659258262890683,0.25881904510252074,0,1760.768022266587,3.7603045155696773,4,0.0,0.0,0,0,0.0
46.859373680670984,4,0,0,692.5,0,1,0.8660254037844386,0.5000000000000001,1,2195.8009017447607,3.86826699590632,4,46.859373680670984,0.0,0,0,1.2
7.711291066655447,1,1,0,241.04,0,1,0.25881904510252074,0.9659258262890683,2,59.4640099146801,2.164620007968743,1,15.422582133310893,0.0,0,0,3.9
24.923815342238097,20,0,1,1185.0,1,0,-0.8660254037844386,0.5000000000000001,0,621.1965712139831,3.255162057497287,2,0.0,24.923815342238097,0,0,3.3
13.68554835655472,4,0,0,205.68,0,1,0.8660254037844386,0.5000000000000001,0,187.29423381959762,2.68686390522374,2,0.0,0.0,0,0,0.0
37.97164206385266,8,1,1,1739.29,1,0,0.8660254037844387,-0.4999999999999998,1,1441.8456010253449,3.6628342550770263,4,37.97164206385266,37.97164206385266,1,1,6.0
36.3598521642303,18,0,1,2164.65,1,0,-1.0,-1.8369701987210297e-16,2,1322.0388494046827,3.6205966562925957,4,72.7197043284606,36.3598521642303,2,0,5.699999999999999
7.903370907949537,20,0,0,315.02,1,0,-0.8660254037844386,0.5000000000000001,0,62.46327170862308,2.186429958731212,1,0.0,7.903370907949537,0,0,2.0
43.97433629182022,14,1,1,1054.04,0,0,-0.4999999999999997,-0.8660254037844388,2,1933.742252306097,3.8060920224585626,4,87.94867258364044,0.0,0,0,5.199999999999999
9.86768013492211,12,1,0,209.63,0,0,1.2246467991473532e-16,-1.0,0,97.37111124513645,2.385793259305628,1,0.0,0.0,0,0,1.5
40.065692256757266,11,0,1,884.68,0,0,0.258819045102521,-0.9659258262890682,0,1605.259696013179,3.71517303463578,4,0.0,0.0,0,0,1.3
23.39203762177224,4,1,0,459.5,0,1,0.8660254037844386,0.5000000000000001,0,547.1874240984079,3.1942567520663747,2,0.0,0.0,0,0,1.5
17.08534238434941,1,1,0,352.6,0,1,0.25881904510252074,0.9659258262890683,0,291.9089243904464,2.8951017971767152,2,0.0,0.0,0,0,1.5
8.753723871036462,3,0,1,246.39,0,1,0.7071067811865476,0.7071067811865476,0,76.62768161035358,2.2776491475818816,1,0.0,0.0,0,0,1.3
9.21309855118484,17,0,0,450.54,1,0,-0.9659258262890683,-0.25881904510252063,2,84.88118491384421,2.3236710681317843,1,18.42619710236968,9.21309855118484,2,0,4.4
33.432637180344116,20,1,1,1364.96,1,0,-0.8660254037844386,0.5000000000000001,0,1117.7412288325277,3.5390048698381262,3,0.0,33.432637180344116,0,1,4.8
27.971089009408907,9,0,1,1320.57,1,0,0.7071067811865476,-0.7071067811865475,0,782.3818203722757,3.3662984020104956,3,0.0,27.971089009408907,0,0,3.3
6.982185660910402,12,0,0,114.38,0,0,1.2246467991473532e-16,-1.0,0,48.75091660342283,2.0772122663047186,1,0.0,0.0,0,0,0.0
6.522195161477934,11,1,0,197.02,0,0,0.258819045102521,-0.9659258262890682,1,42.53902972440618,2.0178580051353827,1,6.522195161477934,0.0,0,0,2.7
4.543218163866781,1,0,1,212.37,0,1,0.25881904510252074,0.9659258262890683,2,20.640831284489046,1.712575228109253,0,9.086436327733562,0.0,0,0,3.7
37.444600021303664,14,0,0,497.36,0,0,-0.4999999999999997,-0.8660254037844388,0,1402.0980707554143,3.649218244510233,4,0.0,0.0,0,0,0.0
35.88222217623517,13,0,1,796.39,0,0,-0.2588190451025208,-0.9659258262890683,0,1287.5338683047028,3.607729651109491,4,0.0,0.0,0,0,1.3
3.8631185518741824,9,0,1,298.63,1,0,0.7071067811865476,-0.7071067811865475,0,14.92368494583448,1.5816799094658922,0,0.0,3.8631185518741824,0,0,3.3
28.453233704251673,21,0,1,1331.6,1,0,-0.7071067811865477,0.7071067811865474,0,809.5865082287634,3.382803707270062,3,0.0,28.453233704251673,0,0,3.3
5.149131606891805,7,0,1,356.35,1,0,0.9659258262890683,-0.25881904510252063,0,26.51355630509218,1.8163108697170531,1,0.0,5.149131606891805,0,0,3.3
45.28354275983814,14,0,0,658.9,0,0,-0.4999999999999997,-0.8660254037844388,1,2050.5992448820894,3.8347864499539317,4,45.28354275983814,0.0,0,0,1.2
45.44875353982649,12,0,1,1140.85,0,0,1.2246467991473532e-16,-1.0,1,2065.589198323891,3.838349630450421,4,45.44875353982649,0.0,0,0,2.5
35.21341650084337,7,1,1,1629.17,1,0,0.9659258262890683,-0.25881904510252063,1,1239.9847016618683,3.589429671738775,4,35.21341650084337,35.21341650084337,1,1,6.0
46.38325715053305,20,1,1,1826.97,1,0,-0.8660254037844386,0.5000000000000001,0,2151.406543892475,3.8582689416302034,4,0.0,46.38325715053305,0,1,4.8
40.761198490270836,20,0,0,1196.29,1,0,-0.8660254037844386,0.5000000000000001,0,1661.4753023632575,3.7319676426422266,4,0.0,40.761198490270836,0,0,2.0
41.59839022042542,21,1,0,1908.98,1,0,-0.7071067811865477,0.7071067811865474,1,1730.4260689307855,3.751816464308406,4,41.59839022042542,41.59839022042542,1,1,4.7
28.915684677926727,13,1,1,640.29,0,0,-0.2588190451025208,-0.9659258262890683,1,836.1168203932865,3.398382914025401,3,28.915684677926727,0.0,0,0,4.0
15.996900712592618,0,1,0,334.64,0,1,0.0,1.0,0,255.9008324085462,2.8330310164115775,2,0.0,0.0,0,0,1.5
11.672156640704657,12,0,0,231.13,0,0,1.2246467991473532e-16,-1.0,2,136.23924064514583,2.53940719616239,1,23.344313281409313,0.0,0,0,2.4
17.03280107990753,7,0,0,554.3,1,0,0.9659258262890683,-0.25881904510252063,0,290.1163126276991,2.8921923817713493,2,0.0,17.03280107990753,0,0,2.0
31.79627607436404,17,1,0,1289.9,1,0,-0.9659258262890683,-0.25881904510252063,0,1011.0031721971751,3.49031497462642,3,0.0,31.79627607436404,0,1,3.5
9.460170255787547,21,0,0,354.67,1,0,-0.7071067811865477,0.7071067811865474,0,89.49482126848743,2.3475747353482443,1,0.0,9.460170255787547,0,0,2.0
13.673371595228758,8,0,0,606.01,1,0,0.8660254037844387,-0.4999999999999998,2,186.96109078120864,2.6860343950071397,2,27.346743190457516,13.673371595228758,2,0,4.4
23.934982276977756,12,0,0,329.75,0,0,1.2246467991473532e-16,-1.0,0,572.8833765992393,3.2162717282289446,2,0.0,0.0,0,0,0.0
12.419454827706161,2,1,1,353.23,0,1,0.49999999999999994,0.8660254037844387,2,154.24285821743388,2.5967055068514613,2,24.838909655412323,0.0,0,0,5.199999999999999
29.84353981608702,17,0,0,893.59,1,0,-0.9659258262890683,-0.25881904510252063,0,890.6368687543713,3.4289273221371674,3,0.0,29.84353981608702,0,0,2.0
46.23562539436016,9,0,0,1342.2,1,0,0.7071067811865476,-0.7071067811865475,0,2137.733055607602,3.8551483831961177,4,0.0,46.23562539436016,0,0,2.0
37.656378919453196,4,0,0,569.52,0,1,0.8660254037844386,0.5000000000000001,1,1418.0028733254392,3.654711804609433,4,37.656378919453196,0.0,0,0,1.2
33.654904093296736,5,1,0,636.97,0,1,0.9659258262890683,0.25881904510252074,0,1132.6525695290013,3.545439247895241,3,0.0,0.0,0,0,1.5
29.55335232320516,7,0,1,1387.49,1,0,0.9659258262890683,-0.25881904510252063,0,873.4006335394959,3.419474411944592,3,0.0,29.55335232320516,0,0,3.3
24.90944755359618,23,0,1,566.57,0,1,-0.25881904510252157,0.9659258262890681,0,620.4805774253588,3.2546076726020594,2,0.0,0.0,0,0,1.3
10.141629122098326,6,0,0,213.82,0,0,1.0,6.123233995736766e-17,2,102.85264125019286,2.410688464569866,1,20.283258244196652,0.0,0,0,2.4
44.84081231591641,20,0,0,1490.29,1,0,-0.8660254037844386,0.5000000000000001,1,2010.6984491512408,3.8251747929282796,4,44.84081231591641,44.84081231591641,1,0,3.2
13.17826409862898,17,0,1,701.64,1,0,-0.9659258262890683,-0.25881904510252063,0,173.66664465321347,2.6517100946136187,2,0.0,13.17826409862898,0,0,3.3
5.474135001329877,13,0,0,103.16,0,0,-0.2588190451025208,-0.9659258262890683,0,29.966154012784852,1.8678150081333877,1,0.0,0.0,0,0,0.0
37.750743782206065,14,0,0,580.35,0,0,-0.4999999999999997,-0.8660254037844388,1,1425.11865610977,3.6571499499946576,4,37.750743782206065,0.0,0,0,1.2
9.605161182227153,9,0,0,349.65,1,0,0.7071067811865476,-0.7071067811865475,0,92.25912133656333,2.361340786602434,1,0.0,9.605161182227153,0,0,2.0
19.222903977517625,20,1,0,830.17,1,0,-0.8660254037844386,0.5000000000000001,0,369.52003732886294,3.006815822346248,2,0.0,19.222903977517625,0,1,3.5
2.3859614862580067,11,0,0,57.44,0,0,0.258819045102521,-0.9659258262890682,0,5.6928122139065165,1.2196379092392866,0,0.0,0.0,0,0,0.0
7.716329184481956,6,0,0,163.74,0,0,1.0,6.123233995736766e-17,1,59.541736083287965,2.165198184207869,1,7.716329184481956,0.0,0,0,1.2
9.486977907235692,6,0,0,153.54,0,0,1.0,6.123233995736766e-17,0,90.00274981237811,2.350134288168986,1,0.0,0.0,0,0,0.0
3.6660962597587194,10,0,0,231.25,1,0,0.49999999999999994,-0.8660254037844387,1,13.440261785816872,1.5403228034247443,0,3.6660962597587194,3.6660962597587194,1,0,3.2
33.17619087451941,12,0,0,504.22,0,0,1.2246467991473532e-16,-1.0,1,1100.6596409425451,3.5315292283677624,3,33.17619087451941,0.0,0,0,1.2
42.01338199435274,14,0,0,705.7,0,0,-0.4999999999999997,-0.8660254037844388,2,1765.1242666034032,3.761511276449027,4,84.02676398870548,0.0,0,0,2.4
19.292454911931106,17,1,0,951.35,1,0,-0.9659258262890683,-0.25881904510252063,1,372.19881652889467,3.0102491377426857,2,19.292454911931106,19.292454911931106,1,1,4.7
43.85424735919184,6,0,0,571.39,0,0,1.0,6.123233995736766e-17,0,1923.1950114411843,3.803418285452164,4,0.0,0.0,0,0,0.0
11.4539821534462,5,0,0,208.23,0,1,0.9659258262890683,0.25881904510252074,1,131.19370717146404,2.522040423451498,1,11.4539821534462,0.0,0,0,1.2
16.944130754500733,22,0,1,523.92,0,1,-0.5000000000000004,0.8660254037844384,2,287.10356702561756,2.887263084000361,2,33.88826150900147,0.0,0,0,3.7
8.386112658527251,10,0,1,489.07,1,0,0.49999999999999994,-0.8660254037844387,0,70.326885521511,2.2392312201264497,1,0.0,8.386112658527251,0,0,3.3
31.407400575530932,7,0,0,943.78,1,0,0.9659258262890683,-0.25881904510252063,0,986.4248109118607,3.4783868095410746,3,0.0,31.407400575530932,0,0,2.0
21.573609952645036,19,0,0,667.33,1,0,-0.9659258262890684,0.2588190451025203,0,465.42064638886495,3.1167815227735898,2,0.0,21.573609952645036,0,0,2.0
31.050883995253034,0,0,1,899.97,0,1,0.0,1.0,2,964.157396886661,3.467324764741474,3,62.10176799050607,0.0,0,0,3.7
38.322070364314996,7,0,0,1126.27,1,0,0.9659258262890683,-0.25881904510252063,0,1468.5810770075097,3.6717859481225616,4,0.0,38.322070364314996,0,0,2.0
27.739447785614473,7,0,0,839.66,1,0,0.9659258262890683,-0.25881904510252063,0,769.4769634508317,3.358270666326218,3,0.0,27.739447785614473,0,0,2.0
31.753887390187607,18,0,1,1695.84,1,0,-1.0,-1.8369701987210297e-16,1,1008.3093643887155,3.4890216539741257,3,31.753887390187607,31.753887390187607,1,0,4.5
46.827265405322315,2,0,1,1336.57,0,1,0.49999999999999994,0.8660254037844387,2,2192.7927853404963,3.867595882846848,4,93.65453081064463,0.0,0,0,3.7
15.654151170833313,4,0,0,226.66,0,1,0.8660254037844386,0.5000000000000001,0,245.05244887930198,2.8126595049210623,2,0.0,0.0,0,0,0.0
18.5990329930637,2,0,0,292.55,0,1,0.49999999999999994,0.8660254037844387,1,345.9240282770721,2.975480227930771,2,18.5990329930637,0.0,0,0,1.2
36.16746472375751,14,0,1,1028.45,0,0,-0.4999999999999997,-0.8660254037844388,2,1308.085504544244,3.6154337743896297,4,72.33492944751502,0.0,0,0,3.7
30.953970335713947,13,0,0,419.63,0,0,-0.2588190451025208,-0.9659258262890683,0,958.148279544259,3.464296440261516,3,0.0,0.0,0,0,0.0
9.748112322446026,20,0,1,624.86,1,0,-0.8660254037844386,0.5000000000000001,1,95.02569385102406,2.374730141242556,1,9.748112322446026,9.748112322446026,1,0,4.5
19.43121819051402,14,0,0,314.39,0,0,-0.4999999999999997,-0.8660254037844388,1,377.57224036736295,3.017064034585606,2,19.43121819051402,0.0,0,0,1.2
23.924062643111032,23,0,0,418.22,0,1,-0.25881904510252157,0.9659258262890681,2,572.3607733515008,3.2158337080438884,2,47.848125286222064,0.0,0,0,2.4
21.550102060451078,16,0,0,342.57,0,0,-0.8660254037844385,-0.5000000000000004,1,464.4068988158578,3.115739591900799,2,21.550102060451078,0.0,0,0,1.2
9.735465607779998,17,0,1,718.38,1,0,-0.9659258262890683,-0.25881904510252063,2,94.77929060026717,2.3735528032620827,1,19.470931215559997,9.735465607779998,2,0,5.699999999999999
46.29707449742885,1,0,1,995.58,0,1,0.25881904510252074,0.9659258262890683,0,2143.419107020477,3.85644844363645,4,0.0,0.0,0,0,1.3
38.353619323004814,11,1,0,716.7,0,0,0.258819045102521,-0.9659258262890682,0,1471.0001151739682,3.6725879483466777,4,0.0,0.0,0,0,1.5
24.586435773284762,15,1,1,477.06,0,0,-0.7071067811865471,-0.7071067811865479,0,604.4928240338567,3.242062358457957,2,0.0,0.0,0,0,2.8
34.32299038703499,3,0,0,444.15,0,1,0.7071067811865476,0.7071067811865476,0,1178.0676691084964,3.5645340376964265,3,0.0,0.0,0,0,0.0
44.96685093464057,1,1,1,1082.01,0,1,0.25881904510252074,0.9659258262890683,2,2022.0176829781853,3.827920504853508,4,89.93370186928114,0.0,0,0,5.199999999999999
7.672532975716989,13,0,1,218.21,0,0,-0.2588190451025208,-0.9659258262890683,0,58.8677622634646,2.1601609021856993,1,0.0,0.0,0,0,1.3
13.268279484641907,10,0,0,455.23,1,0,0.49999999999999994,-0.8660254037844387,0,176.0472404825693,2.6580388555191177,2,0.0,13.268279484641907,0,0,2.0
27.592361115575606,12,1,0,528.67,0,0,1.2246467991473532e-16,-1.0,0,761.3383919323287,3.3531395882888964,3,0.0,0.0,0,0,1.5
40.151508196265574,6,1,1,755.02,0,0,1.0,6.123233995736766e-17,0,1612.1436104347815,3.7172605776365093,4,0.0,0.0,0,0,2.8
2.776489876634842,9,1,1,227.68,1,0,0.7071067811865476,-0.7071067811865475,0,7.708896035055759,1.3287949741467855,0,0.0,2.776489876634842,0,1,4.8
49.21688935962167,23,0,0,618.59,0,1,-0.25881904510252157,0.9659258262890681,0,2422.3021982372406,3.9163514115406843,4,0.0,0.0,0,0,0.0
23.29042354123746,0,0,0,411.29,0,1,0.0,1.0,2,542.443828730228,3.1900821797182757,2,46.58084708247492,0.0,0,0,2.4
18.602325890464428,20,0,1,923.05,1,0,-0.8660254037844386,0.5000000000000001,0,346.0465285350432,2.975648227076834,2,0.0,18.602325890464428,0,0,3.3
15.343497454148821,3,0,0,259.86,0,1,0.7071067811865476,0.7071067811865476,1,235.42291412547135,2.793830109009601,2,15.343497454148821,0.0,0,0,1.2
9.543478674892711,17,0,0,397.93,1,0,-0.9659258262890683,-0.25881904510252063,1,91.07798521813193,2.355507533716562,1,9.543478674892711,9.543478674892711,1,0,3.2
39.787121537571366,5,1,0,865.22,0,1,0.9659258262890683,0.25881904510252074,1,1583.0150402454753,3.7083663829936775,4,39.787121537571366,0.0,0,0,2.7
47.81529407255873,1,0,1,1038.13,0,1,0.25881904510252074,0.9659258262890683,0,2286.30234724527,3.888043666884804,4,0.0,0.0,0,0,1.3
21.268592987424512,2,0,0,387.35,0,1,0.49999999999999994,0.8660254037844387,2,452.35304766472314,3.1031772995438747,2,42.537185974849024,0.0,0,0,2.4
47.66861404291936,13,0,0,699.09,0,0,-0.2588190451025208,-0.9659258262890683,1,2272.2967647728087,3.8850343468201993,4,47.66861404291936,0.0,0,0,1.2
41.36608315631668,7,0,0,1210.56,1,0,0.9659258262890683,-0.25881904510252063,0,1711.1528356953063,3.7463481165681722,4,0.0,41.36608315631668,0,0,2.0
24.571505246339598,15,0,1,581.4,0,0,-0.7071067811865471,-0.7071067811865479,0,603.7588700708944,3.241478655241154,2,0.0,0.0,0,0,1.3
34.0272827771805,18,1,1,1376.09,1,0,-1.0,-1.8369701987210297e-16,0,1157.8559731982048,3.556127265750351,3,0.0,34.0272827771805,0,1,4.8
22.314224779352685,17,0,1,1251.14,1,0,-0.9659258262890683,-0.25881904510252063,1,497.9246275034774,3.149063679840572,2,22.314224779352685,22.314224779352685,1,0,4.5
28.377447002415067,5,0,0,435.28,0,1,0.9659258262890683,0.25881904510252074,1,805.2794983748759,3.3802272712047614,3,28.377447002415067,0.0,0,0,1.2
3.844270513906687,13,1,1,131.42,0,0,-0.2588190451025208,-0.9659258262890683,0,14.778415784092383,1.5777966692815815,0,0.0,0.0,0,0,2.8
35.11691028972612,2,1,1,672.51,0,1,0.49999999999999994,0.8660254037844387,0,1233.1973882966722,3.5867611847384704,4,0.0,0.0,0,0,2.8
3.5884075797226984,15,1,1,157.45,0,0,-0.7071067811865471,-0.7071067811865479,2,12.876668958211313,1.5235330313551556,0,7.176815159445397,0.0,0,0,5.199999999999999
41.03716239906282,0,1,1,996.14,0,1,0.0,1.0,2,1684.0486977670555,3.7385540460870765,4,82.07432479812564,0.0,0,0,5.199999999999999
41.422399543567316,11,0,0,605.67,0,0,0.258819045102521,-0.9659258262890682,1,1715.8151839469258,3.747676513863156,4,41.422399543567316,0.0,0,0,1.2
12.616787090254515,13,1,1,316.7,0,0,-0.2588190451025208,-0.9659258262890683,1,159.183316480813,2.6113033764363367,2,12.616787090254515,0.0,0,0,4.0
16.859476270754215,18,0,1,1110.2,1,0,-1.0,-1.8369701987210297e-16,2,284.2419401241244,2.8825342508724914,2,33.71895254150843,16.859476270754215,2,0,5.699999999999999
24.584208549356372,21,1,1,1172.78,1,0,-0.7071067811865477,0.7071067811865474,1,604.383309998247,3.241975307612329,2,24.584208549356372,24.584208549356372,1,1,6.0
30.236482439691592,18,0,0,896.22,1,0,-1.0,-1.8369701987210297e-16,0,914.244870325778,3.4415867206706423,3,0.0,30.236482439691592,0,0,2.0
15.080329425357839,8,0,0,497.98,1,0,0.8660254037844387,-0.4999999999999998,0,227.41633557731348,2.7775967501925787,2,0.0,15.080329425357839,0,0,2.0
30.031833826964327,6,0,1,779.99,0,0,1.0,6.123233995736766e-17,1,901.9110430103988,3.4350135752304545,3,30.031833826964327,0.0,0,0,2.5
15.591566588235645,13,0,0,216.32,0,0,-0.2588190451025208,-0.9659258262890683,0,243.09694867538613,2.808894529414776,2,0.0,0.0,0,0,0.0
3.719045332481973,4,0,0,84.95,0,1,0.8660254037844386,0.5000000000000001,0,13.83129818505595,1.5516065190727595,0,0.0,0.0,0,0,0.0
1.1238499417635386,17,0,1,246.38,1,0,-0.9659258262890683,-0.25881904510252063,2,1.263038691601909,0.7532304519967193,0,2.247699883527077,1.1238499417635386,2,0,5.699999999999999
5.956401838003002,8,1,0,402.86,1,0,0.8660254037844387,-0.4999999999999998,1,35.47872285576554,1.9396623633690708,1,5.956401838003002,5.956401838003002,1,1,4.7
39.82028430803689,20,0,0,1510.88,1,0,-0.8660254037844386,0.5000000000000001,2,1585.6550423728888,3.709179122277505,4,79.64056861607378,39.82028430803689,2,0,4.4
48.11013430678352,6,0,1,1059.96,0,0,1.0,6.123233995736766e-17,0,2314.585023016749,3.894065414862798,4,0.0,0.0,0,0,1.3
21.921343764779742,8,1,0,1205.99,1,0,0.8660254037844387,-0.4999999999999998,2,480.5453124536477,3.1320685186087482,2,43.842687529559484,21.921343764779742,2,1,5.9
26.121513719047197,3,0,0,343.84,0,1,0.7071067811865476,0.7071067811865476,0,682.3334789743709,3.300327277113648,3,0.0,0.0,0,0,0.0
8.19556028459788,16,0,0,156.46,0,0,-0.8660254037844385,-0.5000000000000004,1,67.16720837847808,2.218720789815772,1,8.19556028459788,0.0,0,0,1.2
28.000536281327694,11,0,0,367.1,0,0,0.258819045102521,-0.9659258262890682,0,784.0300320419485,3.367314322275066,3,0.0,0.0,0,0,0.0
8.088090198341865,5,0,0,135.72,0,1,0.9659258262890683,0.25881904510252074,0,65.41720305651374,2.2069647869231463,1,0.0,0.0,0,0,0.0
30.949502228742674,17,1,0,1262.61,1,0,-0.9659258262890683,-0.25881904510252063,0,957.8716882069477,3.4641566010071143,3,0.0,30.949502228742674,0,1,3.5
46.72967471146184,7,1,0,2116.21,1,0,0.9659258262890683,-0.25881904510252063,1,2183.662498639036,3.86555331581465,4,46.72967471146184,46.72967471146184,1,1,4.7
10.58922842584894,20,1,0,502.2,1,0,-0.8660254037844386,0.5000000000000001,0,112.13175865480723,2.4500760827325947,1,0.0,10.58922842584894,0,1,3.5
38.463622184798,14,0,0,566.76,0,0,-0.4999999999999997,-0.8660254037844388,1,1479.4502315748848,3.675379290218419,4,38.463622184798,0.0,0,0,1.2
2.151618718097878,2,0,1,114.59,0,1,0.49999999999999994,0.8660254037844387,0,4.629463108069156,1.1479161996082983,0,0.0,0.0,0,0,1.3
19.399364824759427,1,0,0,277.95,0,1,0.25881904510252074,0.9659258262890683,0,376.3353556041134,3.0155037643242295,2,0.0,0.0,0,0,0.0
6.4266768836949435,23,0,1,223.71,0,1,-0.25881904510252157,0.9659258262890681,1,41.30217576741895,2.0050785021119677,1,6.4266768836949435,0.0,0,0,2.5
18.271296638189273,22,0,0,316.73,0,1,-0.5000000000000004,0.8660254037844384,2,333.84028084070667,2.958616768081033,2,36.54259327637855,0.0,0,0,2.4
9.503309062305291,8,0,1,531.41,1,0,0.8660254037844387,-0.4999999999999998,0,90.31288313369387,2.3516903563055087,1,0.0,9.503309062305291,0,0,3.3
19.291944516021484,7,0,1,1103.81,1,0,0.9659258262890683,-0.25881904510252063,1,372.17912320925143,3.010223985422245,2,19.291944516021484,19.291944516021484,1,0,4.5
21.458617499268986,3,0,0,380.85,0,1,0.7071067811865476,0.7071067811865476,2,460.47226497993313,3.111674393509677,2,42.91723499853797,0.0,0,0,2.4
15.728965016265,1,0,0,260.28,0,1,0.25881904510252074,0.9659258262890683,1,247.40034048288825,2.8171416491439563,2,15.728965016265,0.0,0,0,1.2
33.17447552418333,13,1,0,729.91,0,0,-0.2588190451025208,-0.9659258262890683,1,1100.5458263046387,3.5314790357236574,3,33.17447552418333,0.0,0,0,2.7
46.02375051168657,1,0,1,998.51,0,1,0.25881904510252074,0.9659258262890683,0,2118.18561116197,3.8506528041097177,4,0.0,0.0,0,0,1.3
20.629173331158345,1,1,0,425.25,0,1,0.25881904510252074,0.9659258262890683,0,425.56279232697466,3.0740430206104077,2,0.0,0.0,0,0,1.5
10.424814667276049,21,1,1,502.21,1,0,-0.7071067811865477,0.7071067811865474,0,108.67676084705384,2.435787714966074,1,0.0,10.424814667276049,0,1,4.8
14.265415151603184,6,0,0,204.3,0,0,1.0,6.123233995736766e-17,0,203.5020694475897,2.7255898221225103,2,0.0,0.0,0,0,0.0
42.84604035132208,11,0,0,729.86,0,0,0.258819045102521,-0.9659258262890682,2,1835.78317378712,3.7806844148850898,4,85.69208070264416,0.0,0,0,2.4
29.010346440237246,5,0,0,388.51,0,1,0.9659258262890683,0.25881904510252074,0,841.6002005825859,3.4015422035454974,3,0.0,0.0,0,0,0.0
23.295540583040907,17,0,1,1112.98,1,0,-0.9659258262890683,-0.25881904510252063,0,542.6822110561059,3.190292818404349,2,0.0,23.295540583040907,0,0,3.3
8.332199353937408,3,0,0,185.76,0,1,0.7071067811865476,0.7071067811865476,2,69.42554607375497,2.233470716333219,1,16.664398707874817,0.0,0,0,2.4
23.036638107865315,18,1,1,1111.2,1,0,-1.0,-1.8369701987210297e-16,1,530.6866953127525,3.1795792541250023,2,23.036638107865315,23.036638107865315,1,1,6.0
14.646108164511947,12,1,0,394.72,0,0,1.2246467991473532e-16,-1.0,2,214.5084843665835,2.750222206476366,2,29.292216329023894,0.0,0,0,3.9
47.21499326481411,19,0,0,1570.29,1,0,-0.9659258262890684,0.2588190451025203,1,2229.255588996442,3.875670036271663,4,47.21499326481411,47.21499326481411,1,0,3.2
44.319435361370836,20,1,1,1748.54,1,0,-0.8660254037844386,0.5000000000000001,0,1964.2123507507276,3.813735977153923,4,0.0,44.319435361370836,0,1,4.8
5.111224549581703,22,0,1,183.44,0,1,-0.5000000000000004,0.8660254037844384,1,26.12461639624668,1.8101271703827917,1,5.111224549581703,0.0,0,0,2.5
26.316020973800903,1,1,0,580.72,0,1,0.25881904510252074,0.9659258262890683,1,692.532959893529,3.307473378919638,3,26.316020973800903,0.0,0,0,2.7
12.027858930218931,7,0,0,429.67,1,0,0.9659258262890683,-0.25881904510252063,0,144.6693904452473,2.5670900591560164,2,0.0,12.027858930218931,0,0,2.0
21.12807738669024,18,0,1,1030.97,1,0,-1.0,-1.8369701987210297e-16,0,446.39565405797146,3.0968472721456,2,0.0,21.12807738669024,0,0,3.3
43.96555191432137,8,0,0,1287.84,1,0,0.8660254037844387,-0.4999999999999998,0,1932.9697551308873,3.8058966836005323,4,0.0,43.96555191432137,0,0,2.0
26.848211474538697,3,1,1,602.24,0,1,0.7071067811865476,0.7071067811865476,1,720.8264593815513,3.3267687443663534,3,26.848211474538697,0.0,0,0,4.0
17.376549375167233,15,0,0,258.42,0,0,-0.7071067811865471,-0.7071067811865479,0,301.94446818762475,2.9110753612811835,2,0.0,0.0,0,0,0.0
11.186529351144856,18,0,0,455.29,1,0,-1.0,-1.8369701987210297e-16,1,125.13843892402534,2.5003311901693084,1,11.186529351144856,11.186529351144856,1,0,3.2
40.215918110917976,9,1,1,1591.56,1,0,0.7071067811865476,-0.7071067811865475,0,1617.3200695040605,3.71882454365242,4,0.0,40.215918110917976,0,1,4.8
31.60138275285301,5,1,0,608.53,0,1,0.9659258262890683,0.25881904510252074,0,998.6473918923157,3.484354703204828,3,0.0,0.0,0,0,1.5
23.935207560885328,15,0,1,545.38,0,0,-0.7071067811865471,-0.7071067811865479,0,572.8941609826621,3.216280763041457,2,0.0,0.0,0,0,1.3
11.656733339285925,9,1,1,557.87,1,0,0.7071067811865476,-0.7071067811865475,0,135.87943214322,2.5381893533483417,1,0.0,11.656733339285925,0,1,4.8
17.378072333699436,12,0,1,421.77,0,0,1.2246467991473532e-16,-1.0,0,301.99739803528973,2.9111582329562147,2,0.0,0.0,0,0,1.3
48.032327910187405,8,0,0,1387.02,1,0,0.8660254037844387,-0.4999999999999998,0,2307.104524471768,3.8924798338382467,4,0.0,48.032327910187405,0,0,2.0
26.484406942685883,6,0,1,601.2,0,0,1.0,6.123233995736766e-17,0,701.4238111057882,3.3136188235897728,3,0.0,0.0,0,0,1.3
20.634264780919395,3,0,1,638.27,0,1,0.7071067811865476,0.7071067811865476,2,425.7728830490905,3.0742783902438315,2,41.26852956183879,0.0,0,0,3.7
26.549680075067872,18,0,0,926.61,1,0,-1.0,-1.8369701987210297e-16,1,704.8855120884559,3.315990923011275,3,26.549680075067872,26.549680075067872,1,0,3.2
39.170436789080824,3,0,0,571.27,0,1,0.7071067811865476,0.7071067811865476,1,1534.3231182473764,3.6931313218266584,4,39.170436789080824,0.0,0,0,1.2
17.66533788864057,18,0,0,723.34,1,0,-1.0,-1.8369701987210297e-16,2,312.06416271984,2.926668214996188,2,35.33067577728114,17.66533788864057,2,0,4.4
9.756599925697834,18,1,1,614.71,1,0,-1.0,-1.8369701987210297e-16,2,95.19124211012699,2.375519512762118,1,19.51319985139567,9.756599925697834,2,1,7.199999999999999
29.661869798613342,11,1,1,747.48,0,0,0.258819045102521,-0.9659258262890682,2,879.8265199498903,3.423019856535673,3,59.323739597226684,0.0,0,0,5.199999999999999
33.595001070572295,12,0,1,755.79,0,0,1.2246467991473532e-16,-1.0,0,1128.6240969317537,3.5437091938966416,3,0.0,0.0,0,0,1.3
35.92318214496893,3,0,1,918.14,0,1,0.7071067811865476,0.7071067811865476,1,1290.4750154206147,3.6088395961959145,4,35.92318214496893,0.0,0,0,2.5
44.21739194754035,9,0,0,1671.55,1,0,0.7071067811865476,-0.7071067811865475,2,1955.1777506424062,3.8114817904307188,4,88.4347838950807,44.21739194754035,2,0,4.4
