distance,hour,price,is_peak,is_night,hour_sin,hour_cos,traffic_encoded,weather_encoded,distance_squared,distance_log,distance_bucket,distance_traffic,distance_peak,traffic_peak,weather_peak,demand_score
4.692680899768591,14,157.52,0,0,-0.4999999999999997,-0.8660254037844388,3,2,22.021254027052958,1.7391812970663032,0,14.078042699305774,0.0,0,0,6.6
30.101214309175212,11,537.19,0,0,0.258819045102521,-0.9659258262890682,1,3,906.0831028868945,3.4372468637340403,3,30.101214309175212,0.0,0,0,5.7
13.167456935454494,15,228.16,0,0,-0.7071067811865471,-0.7071067811865479,2,1,173.38192214704864,2.6509475693855507,2,26.334913870908988,0.0,0,0,3.9
9.129425537759532,23,237.42,0,1,-0.25881904510252157,0.9659258262890681,2,3,83.34641064949592,2.315444607645619,1,18.258851075519065,0.0,0,0,6.9
1.6962487046234629,18,194.16,1,0,-1.0,-1.8369701987210297e-16,1,3,2.8772596679367757,0.9918614382847531,0,1.6962487046234629,1.6962487046234629,1,3,7.7
1.695962919146052,7,134.04,1,0,0.9659258262890683,-0.25881904510252063,1,1,2.876290223118398,0.991755438929528,0,1.695962919146052,1.695962919146052,1,1,4.7
1.0,20,173.87,1,0,-0.8660254037844386,0.5000000000000001,2,3,1.0,0.6931471805599453,0,2.0,1.0,2,3,8.9
20.112308644799395,16,321.14,0,0,-0.8660254037844385,-0.5000000000000004,2,1,404.5049590236725,3.04985621849542,2,40.22461728959879,0.0,0,0,3.9
9.190821536272646,22,212.97,0,1,-0.5000000000000004,0.8660254037844384,1,3,84.47120051161308,2.3214874657976905,1,9.190821536272646,0.0,0,0,5.7
12.312500617045902,4,208.76,0,1,0.8660254037844386,0.5000000000000001,2,1,151.59767144475572,2.588703489820509,2,24.625001234091805,0.0,0,0,3.9
1.0,21,155.48,1,0,-0.7071067811865477,0.7071067811865474,1,3,1.0,0.6931471805599453,0,1.0,1.0,1,3,7.7
35.03557475158312,15,701.91,0,0,-0.7071067811865471,-0.7071067811865479,2,3,1227.4914981737686,3.5845066380641963,4,70.07114950316624,0.0,0,0,6.9
17.86429543354675,5,356.05,0,1,0.9659258262890683,0.25881904510252074,1,3,319.1330513370393,2.937271004907894,2,17.86429543354675,0.0,0,0,5.7
2.3868762524894698,7,240.22,1,0,0.9659258262890683,-0.25881904510252063,3,2,5.697178244698175,1.2199080371449922,0,7.160628757468409,2.3868762524894698,3,2,8.6
2.0067898874966335,17,155.62,1,0,-0.9659258262890683,-0.25881904510252063,1,1,4.0272056525587505,1.1008730271043443,0,2.0067898874966335,2.0067898874966335,1,1,4.7
2.0261142283225704,11,59.39,0,0,0.258819045102521,-0.9659258262890682,1,1,4.105138866211165,1.1072793636036478,0,2.0261142283225704,0.0,0,0,2.7
3.627537294604771,14,86.13,0,0,-0.4999999999999997,-0.8660254037844388,1,1,13.159026823748501,1.532024824774967,0,3.627537294604771,0.0,0,0,2.7
7.439278308608545,8,287.29,1,0,0.8660254037844387,-0.4999999999999998,1,1,55.34286175293361,2.132896796493106,1,7.439278308608545,7.439278308608545,1,1,4.7
5.655370667803367,12,165.93,0,0,1.2246467991473532e-16,-1.0,2,2,31.9832173902507,1.8954241479373963,1,11.310741335606734,0.0,0,0,5.4
3.442229925539415,14,72.36,0,0,-0.4999999999999997,-0.8660254037844388,1,1,11.848946860279087,1.4911564858479562,0,3.442229925539415,0.0,0,0,2.7
9.463708738997987,9,539.11,1,0,0.7071067811865476,-0.7071067811865475,3,3,89.56178309658686,2.3479129597515733,1,28.39112621699396,9.463708738997987,3,3,10.1
1.5023452872733867,15,80.14,0,0,-0.7071067811865471,-0.7071067811865479,1,2,2.2570413621925547,0.9172284070287237,0,1.5023452872733867,0.0,0,0,4.2
3.4551551200240227,6,116.38,0,0,1.0,6.123233995736766e-17,1,3,11.93809690342822,1.4940618796261393,0,3.4551551200240227,0.0,0,0,5.7
4.56277218220847,16,93.42,0,0,-0.8660254037844385,-0.5000000000000004,1,1,20.818889986735446,1.7160965779282287,0,4.56277218220847,0.0,0,0,2.7
6.08934687859775,22,174.86,0,1,-0.5000000000000004,0.8660254037844384,1,3,37.08014540788816,1.958593217626344,1,6.08934687859775,0.0,0,0,5.7
15.379360110309118,20,628.99,1,0,-0.8660254037844386,0.5000000000000001,1,3,236.5247174025673,2.796022012357161,2,15.379360110309118,15.379360110309118,1,3,7.7
2.227358621286903,21,144.52,1,0,-0.7071067811865477,0.7071067811865474,1,1,4.961126427821093,1.1716640383754715,0,2.227358621286903,2.227358621286903,1,1,4.7
7.220291550331277,6,151.93,0,0,1.0,6.123233995736766e-17,1,2,52.13261007178524,2.1066056768492305,1,7.220291550331277,0.0,0,0,4.2
8.975047213097605,13,190.88,0,0,-0.2588190451025208,-0.9659258262890683,1,2,80.55147247733109,2.300086695907343,1,8.975047213097605,0.0,0,0,4.2
1.0,14,61.37,0,0,-0.4999999999999997,-0.8660254037844388,2,1,1.0,0.6931471805599453,0,2.0,0.0,0,0,3.9
9.353330206496102,20,467.64,1,0,-0.8660254037844386,0.5000000000000001,2,2,87.48478595175241,2.3373082270397747,1,18.706660412992203,9.353330206496102,2,2,7.4
1.8696125197741642,6,50.74,0,0,1.0,6.123233995736766e-17,1,1,3.4954509740962996,1.0541770101251373,0,1.8696125197741642,0.0,0,0,2.7
1.0,8,107.62,1,0,0.8660254037844387,-0.4999999999999998,1,1,1.0,0.6931471805599453,0,1.0,1.0,1,1,4.7
29.73687793506931,18,1169.94,1,0,-1.0,-1.8369701987210297e-16,3,1,884.2819093252119,3.4254631693568554,3,89.21063380520792,29.73687793506931,3,1,7.1
33.706303424611725,15,513.8,0,0,-0.7071067811865471,-0.7071067811865479,2,1,1136.1148905519922,3.5469213253435083,3,67.41260684922345,0.0,0,0,3.9
16.523315728128768,7,620.82,1,0,0.9659258262890683,-0.25881904510252063,2,1,273.01996265142753,2.8635323214906157,2,33.046631456257536,16.523315728128768,2,1,5.9
3.632878599687583,17,180.39,1,0,-0.9659258262890683,-0.25881904510252063,1,1,13.197806920068015,1.5331784026997832,0,3.632878599687583,3.632878599687583,1,1,4.7
1.0277731500250624,22,88.33,0,1,-0.5000000000000004,0.8660254037844384,2,3,1.0563176479124394,0.7069382205102557,0,2.055546300050125,0.0,0,0,6.9
11.527507630986618,17,546.52,1,0,-0.9659258262890683,-0.25881904510252063,2,2,132.8834321824547,2.5279268369903813,1,23.055015261973235,11.527507630986618,2,2,7.4
5.800908425853983,19,373.49,1,0,-0.9659258262890684,0.2588190451025203,2,3,33.650538565143734,1.91705619529679,1,11.601816851707966,5.800908425853983,2,3,8.9
1.3015223395444864,6,63.6,0,0,1.0,6.123233995736766e-17,3,1,1.6939604003333533,0.8335707907431441,0,3.9045670186334593,0.0,0,0,5.1
6.835472281341501,2,111.79,0,1,0.49999999999999994,0.8660254037844387,1,1,46.72368130898799,2.0586611524012053,1,6.835472281341501,0.0,0,0,2.7
1.0,17,145.33,1,0,-0.9659258262890683,-0.25881904510252063,1,2,1.0,0.6931471805599453,0,1.0,1.0,1,2,6.2
24.004228873930238,9,842.44,1,0,0.7071067811865476,-0.7071067811865475,2,1,576.2030038320262,3.2190449655203235,2,48.008457747860476,24.004228873930238,2,1,5.9
2.994577768406861,6,92.15,0,0,1.0,6.123233995736766e-17,3,1,8.967496011036614,1.3849378836218569,0,8.983733305220582,0.0,0,0,5.1
10.862557985649804,16,204.01,0,0,-0.8660254037844385,-0.5000000000000004,1,2,117.99516599160434,2.4733870520716064,1,10.862557985649804,0.0,0,0,4.2
3.7354658165762364,13,81.08,0,0,-0.2588190451025208,-0.9659258262890683,1,1,13.953704866809568,1.5550800991121383,0,3.7354658165762364,0.0,0,0,2.7
7.341108959092287,23,154.07,0,1,-0.25881904510252157,0.9659258262890681,1,2,53.891880749265034,2.1211961762472007,1,7.341108959092287,0.0,0,0,4.2
7.912237979817975,2,162.77,0,1,0.49999999999999994,0.8660254037844387,1,2,62.60350984927403,2.187425386129341,1,7.912237979817975,0.0,0,0,4.2
2.0438859950790573,11,76.59,0,0,0.258819045102521,-0.9659258262890682,2,1,4.177469960880308,1.1131349869587457,0,4.087771990158115,0.0,0,0,3.9
34.92807132736226,12,527.57,0,0,1.2246467991473532e-16,-1.0,2,1,1219.9701666493056,3.581518921069657,3,69.85614265472452,0.0,0,0,3.9
14.922453771381408,1,276.36,0,1,0.25881904510252074,0.9659258262890683,1,2,222.6796265590152,2.767730299907397,2,14.922453771381408,0.0,0,0,4.2
28.05094419291582,2,363.42,0,1,0.49999999999999994,0.8660254037844387,1,1,786.8554701140779,3.369050985107625,3,28.05094419291582,0.0,0,0,2.7
22.521519975341967,4,310.34,0,1,0.8660254037844386,0.5000000000000001,1,1,507.2188619997272,3.157915745744288,2,22.521519975341967,0.0,0,0,2.7
9.11054412383275,10,441.39,1,0,0.49999999999999994,-0.8660254037844387,1,3,83.00201423230344,2.313578851943439,1,9.11054412383275,9.11054412383275,1,3,7.7
25.49435379269405,7,892.12,1,0,0.9659258262890683,-0.25881904510252063,2,1,649.9620753070535,3.2769316458640874,3,50.9887075853881,25.49435379269405,2,1,5.9
1.0,22,100.2,0,1,-0.5000000000000004,0.8660254037844384,3,2,1.0,0.6931471805599453,0,3.0,0.0,0,0,6.6
2.1813469463126745,22,138.65,0,1,-0.5000000000000004,0.8660254037844384,3,3,4.75827450018763,1.1573046751353269,0,6.544040838938024,0.0,0,0,8.1
1.0,11,58.92,0,0,0.258819045102521,-0.9659258262890682,1,1,1.0,0.6931471805599453,0,1.0,0.0,0,0,2.7
3.9353208680308684,6,114.72,0,0,1.0,6.123233995736766e-17,3,1,15.486750334359227,1.5964176896230509,0,11.805962604092606,0.0,0,0,5.1
4.921302917942186,14,118.44,0,0,-0.4999999999999997,-0.8660254037844388,2,1,24.219222410146276,1.7785565121704499,0,9.842605835884372,0.0,0,0,3.9
3.165604432088257,23,95.28,0,1,-0.25881904510252157,0.9659258262890681,2,1,10.021051420456814,1.4268613868395452,0,6.331208864176514,0.0,0,0,3.9
17.64557865240934,16,256.83,0,0,-0.8660254037844385,-0.5000000000000004,1,1,311.36644597836425,2.925609048408484,2,17.64557865240934,0.0,0,0,2.7
4.4122699952987015,3,112.2,0,1,0.7071067811865476,0.7071067811865476,1,2,19.468126511413203,1.688668597330738,0,4.4122699952987015,0.0,0,0,4.2
3.298028401342492,21,165.39,1,0,-0.7071067811865477,0.7071067811865474,1,1,10.876991336061714,1.4581564062353616,0,3.298028401342492,3.298028401342492,1,1,4.7
7.82407083207746,12,157.84,0,0,1.2246467991473532e-16,-1.0,1,2,61.21608438536528,2.1774833091263113,1,7.82407083207746,0.0,0,0,4.2
1.5189814782062885,17,176.65,1,0,-0.9659258262890683,-0.25881904510252063,1,3,2.3073047311337613,0.9238546445075094,0,1.5189814782062885,1.5189814782062885,1,3,7.7
16.204835957747314,0,325.15,0,1,0.0,1.0,1,3,262.5967084175003,2.845190504635394,2,16.204835957747314,0.0,0,0,5.7
1.0,15,63.16,0,0,-0.7071067811865471,-0.7071067811865479,1,2,1.0,0.6931471805599453,0,1.0,0.0,0,0,4.2
40.0,12,605.39,0,0,1.2246467991473532e-16,-1.0,2,1,1600.0,3.713572066704308,4,80.0,0.0,0,0,3.9
14.794837762415114,9,564.3,1,0,0.7071067811865476,-0.7071067811865475,1,2,218.88722441618424,2.7596831627492624,2,14.794837762415114,14.794837762415114,1,2,6.2
2.2153944050588597,11,85.56,0,0,0.258819045102521,-0.9659258262890682,1,2,4.907972369966099,1.1679500267000695,0,2.2153944050588597,0.0,0,0,4.2
1.0,1,60.91,0,1,0.25881904510252074,0.9659258262890683,3,1,1.0,0.6931471805599453,0,3.0,0.0,0,0,5.1
16.89896777486126,22,300.55,0,1,-0.5000000000000004,0.8660254037844384,3,1,285.57511185579926,2.8847430449750813,2,50.69690332458377,0.0,0,0,5.1
12.270959073870447,2,299.72,0,1,0.49999999999999994,0.8660254037844387,2,3,150.57643659260347,2.5855781195735164,2,24.541918147740894,0.0,0,0,6.9
13.05662908787999,9,588.99,1,0,0.7071067811865476,-0.7071067811865475,3,1,170.47556313847386,2.6430941057085535,2,39.16988726363997,13.05662908787999,3,1,7.1
14.752145260435135,1,249.08,0,1,0.25881904510252074,0.9659258262890683,2,1,217.62578978497882,2.756976563008064,2,29.50429052087027,0.0,0,0,3.9
1.0,22,52.79,0,1,-0.5000000000000004,0.8660254037844384,3,1,1.0,0.6931471805599453,0,3.0,0.0,0,0,5.1
4.438926724162325,12,99.51,0,0,1.2246467991473532e-16,-1.0,1,1,19.70407046248247,1.6935817480504438,0,4.438926724162325,0.0,0,0,2.7
1.2315010460444966,12,73.81,0,0,1.2246467991473532e-16,-1.0,1,3,1.5165948264086895,0.8026744738500159,0,1.2315010460444966,0.0,0,0,5.7
19.885295716582227,17,714.42,1,0,-0.9659258262890683,-0.25881904510252063,1,2,395.4249857359235,3.0390453571298273,2,19.885295716582227,19.885295716582227,1,2,6.2
9.763011917123741,2,196.28,0,1,0.49999999999999994,0.8660254037844387,1,2,95.31640169390019,2.376115433512222,1,9.763011917123741,0.0,0,0,4.2
4.01818801251301,6,89.2,0,0,1.0,6.123233995736766e-17,1,1,16.14583490390325,1.6130689148615098,0,4.01818801251301,0.0,0,0,2.7
1.0,13,51.73,0,0,-0.2588190451025208,-0.9659258262890683,2,1,1.0,0.6931471805599453,0,2.0,0.0,0,0,3.9
3.7248835041035373,19,216.94,1,0,-0.9659258262890684,0.2588190451025203,2,1,13.874757119142647,1.5528429054255788,0,7.449767008207075,3.7248835041035373,2,1,5.9
3.9331421318413136,16,106.0,0,0,-0.8660254037844385,-0.5000000000000004,2,1,15.469607029265232,1.5959761342916923,0,7.866284263682627,0.0,0,0,3.9
13.078757839577408,20,449.94,1,0,-0.8660254037844386,0.5000000000000001,1,1,171.0539066263075,2.6446671252172176,2,13.078757839577408,13.078757839577408,1,1,4.7
10.148893589260199,11,274.88,0,0,0.258819045102521,-0.9659258262890682,3,2,103.00004108612677,2.4113402633197767,1,30.4466807677806,0.0,0,0,6.6
21.822519124015148,15,362.43,0,0,-0.7071067811865471,-0.7071067811865479,2,1,476.22234091800686,3.127747729402422,2,43.645038248030296,0.0,0,0,3.9
6.390661333763098,23,156.1,0,1,-0.25881904510252157,0.9659258262890681,1,2,40.84055228285474,2.000217221316452,1,6.390661333763098,0.0,0,0,4.2
1.273723936155019,11,61.84,0,0,0.258819045102521,-0.9659258262890682,2,1,1.622372665534235,0.8214189878510235,0,2.547447872310038,0.0,0,0,3.9
12.491263443165995,14,196.77,0,0,-0.4999999999999997,-0.8660254037844388,1,1,156.03166240657518,2.6020423235928343,2,12.491263443165995,0.0,0,0,2.7
14.303927530768641,9,479.94,1,0,0.7071067811865476,-0.7071067811865475,1,1,204.60234280548107,2.728109496813661,2,14.303927530768641,14.303927530768641,1,1,4.7
8.238874948858289,6,259.02,0,0,1.0,6.123233995736766e-17,3,3,67.87906042292467,2.22342011945882,1,24.716624846574867,0.0,0,0,8.1
14.738899667213644,19,608.56,1,0,-0.9659258262890684,0.2588190451025203,1,3,217.2351634001905,2.7561353337612706,2,14.738899667213644,14.738899667213644,1,3,7.7
6.808147315102779,4,166.51,0,1,0.8660254037844386,0.5000000000000001,1,3,46.35086986414118,2.055167716133471,1,6.808147315102779,0.0,0,0,5.7
7.39678838777267,0,159.17,0,1,0.0,1.0,3,1,54.712478453488615,2.1278492979517196,1,22.19036516331801,0.0,0,0,5.1
5.578141939084274,16,122.2,0,0,-0.8660254037844385,-0.5000000000000004,2,1,31.115667492570864,1.8837523253820865,1,11.156283878168548,0.0,0,0,3.9
1.0,2,73.19,0,1,0.49999999999999994,0.8660254037844387,1,2,1.0,0.6931471805599453,0,1.0,0.0,0,0,4.2
1.1416743519186583,12,48.26,0,0,1.2246467991473532e-16,-1.0,1,1,1.3034203258288883,0.7615879305512451,0,1.1416743519186583,0.0,0,0,2.7
1.0,13,86.59,0,0,-0.2588190451025208,-0.9659258262890683,1,3,1.0,0.6931471805599453,0,1.0,0.0,0,0,5.7
10.117295509275495,23,202.26,0,1,-0.25881904510252157,0.9659258262890681,2,1,102.3596684220061,2.4085020496446585,1,20.23459101855099,0.0,0,0,3.9
3.7739670879509983,17,177.94,1,0,-0.9659258262890683,-0.25881904510252063,1,1,14.24282758093734,1.5631776338733936,0,3.7739670879509983,3.7739670879509983,1,1,4.7
7.104371771341901,3,129.91,0,1,0.7071067811865476,0.7071067811865476,1,1,50.47209826543966,2.092403640936344,1,7.104371771341901,0.0,0,0,2.7
23.812655298459756,17,952.3,1,0,-0.9659258262890683,-0.25881904510252063,3,1,567.0425523632634,3.2113538173078124,2,71.43796589537926,23.812655298459756,3,1,7.1
2.8673882298329834,4,117.33,0,1,0.8660254037844386,0.5000000000000001,2,2,8.22191526058473,1.3525794031982146,0,5.734776459665967,0.0,0,0,5.4
5.282819748826726,15,99.95,0,0,-0.7071067811865471,-0.7071067811865479,1,1,27.90818449859367,1.837818884297953,1,5.282819748826726,0.0,0,0,2.7
14.087491475385834,0,239.24,0,1,0.0,1.0,2,1,198.45741606906853,2.7138660214117807,2,28.174982950771668,0.0,0,0,3.9
2.5980515691739403,20,185.21,1,0,-0.8660254037844386,0.5000000000000001,2,1,6.749871956087174,1.2803924681587973,0,5.196103138347881,2.5980515691739403,2,1,5.9
1.0,13,49.59,0,0,-0.2588190451025208,-0.9659258262890683,1,1,1.0,0.6931471805599453,0,1.0,0.0,0,0,2.7
3.4214030388705705,14,94.7,0,0,-0.4999999999999997,-0.8660254037844388,1,2,11.705998754392775,1.4864570753282138,0,3.4214030388705705,0.0,0,0,4.2
1.7580835850006284,8,226.15,1,0,0.8660254037844387,-0.4999999999999998,3,3,3.0908578918486618,1.0145360852935446,0,5.274250755001885,1.7580835850006284,3,3,10.1
26.549500858806248,14,470.44,0,0,-0.4999999999999997,-0.8660254037844388,1,3,704.8759958517537,3.315984417787111,3,26.549500858806248,0.0,0,0,5.7
16.508870804845696,16,344.85,0,0,-0.8660254037844385,-0.5000000000000004,2,2,272.54281525108655,2.8627076556315143,2,33.01774160969139,0.0,0,0,5.4
10.03494190520531,23,145.49,0,1,-0.25881904510252157,0.9659258262890681,1,1,100.70005904084557,2.4010667751008508,1,10.03494190520531,0.0,0,0,2.7
20.51519730520813,3,361.25,0,1,0.7071067811865476,0.7071067811865476,1,2,420.8733204716189,3.068759536836853,2,20.51519730520813,0.0,0,0,4.2
16.279689407405563,11,238.79,0,0,0.258819045102521,-0.9659258262890682,1,1,265.0282872015929,2.849531789105899,2,16.279689407405563,0.0,0,0,2.7
2.0649547635863907,4,68.25,0,1,0.8660254037844386,0.5000000000000001,1,1,4.2640381756581265,1.120032810253612,0,2.0649547635863907,0.0,0,0,2.7
22.308134052355612,4,398.29,0,1,0.8660254037844386,0.5000000000000001,1,3,497.652844897868,3.1488024006095614,2,22.308134052355612,0.0,0,0,5.7
7.75099901966172,10,296.65,1,0,0.49999999999999994,-0.8660254037844387,1,1,60.07798580279694,2.1691678675278303,1,7.75099901966172,7.75099901966172,1,1,4.7
16.47348291303566,5,431.19,0,1,0.9659258262890683,0.25881904510252074,3,3,271.37563928607784,2.8606844696465763,2,49.42044873910698,0.0,0,0,8.1
22.642426492862313,6,401.07,0,0,1.0,6.123233995736766e-17,3,1,512.6794774846732,3.1630428307925063,2,67.92727947858694,0.0,0,0,5.1
3.8273071641831846,23,121.0,0,1,-0.25881904510252157,0.9659258262890681,2,2,14.648280129007931,1.5742887892473356,0,7.654614328366369,0.0,0,0,5.4
1.1659216012385083,13,91.61,0,0,-0.2588190451025208,-0.9659258262890683,3,2,1.3593731802345672,0.7728459527429934,0,3.497764803715525,0.0,0,0,6.6
2.5868674613938136,23,107.41,0,1,-0.25881904510252157,0.9659258262890681,1,3,6.691883262818074,1.2772792481584874,0,2.5868674613938136,0.0,0,0,5.7
5.570576927486144,10,363.38,1,0,0.49999999999999994,-0.8660254037844387,3,2,31.031327305040968,1.8826016410439974,1,16.71173078245843,5.570576927486144,3,2,8.6
17.03829726638945,12,312.82,0,0,1.2246467991473532e-16,-1.0,1,2,290.30357373785415,2.8924971236160077,2,17.03829726638945,0.0,0,0,4.2
19.713449718798334,1,359.01,0,1,0.25881904510252074,0.9659258262890683,3,1,388.6200998155901,3.0307832341479997,2,59.140349156395004,0.0,0,0,5.1
1.0,6,89.16,0,0,1.0,6.123233995736766e-17,3,2,1.0,0.6931471805599453,0,3.0,0.0,0,0,6.6
7.148761593385558,19,315.06,1,0,-0.9659258262890684,0.2588190451025203,2,1,51.10479231906442,2.097865963975104,1,14.297523186771116,7.148761593385558,2,1,5.9
5.402733209186713,3,179.89,0,1,0.7071067811865476,0.7071067811865476,3,2,29.189526129648957,1.8567249631352025,1,16.208199627560138,0.0,0,0,6.6
2.5116733827582447,7,225.02,1,0,0.9659258262890683,-0.25881904510252063,2,2,6.308503181656244,1.2560926710944942,0,5.023346765516489,2.5116733827582447,2,2,7.4
1.276803915456468,19,148.33,1,0,-0.9659258262890684,0.2588190451025203,1,2,1.6302282385249678,0.8227726680710815,0,1.276803915456468,1.276803915456468,1,2,6.2
4.119085798624324,21,183.32,1,0,-0.7071067811865477,0.7071067811865474,1,1,16.966867816428586,1.6329758681523958,0,4.119085798624324,4.119085798624324,1,1,4.7
28.631211226911496,20,995.79,1,0,-0.8660254037844386,0.5000000000000001,2,1,819.7462563200229,3.388828239147258,3,57.26242245382299,28.631211226911496,2,1,5.9
3.903838028814744,18,233.56,1,0,-1.0,-1.8369701987210297e-16,1,2,15.239951355220185,1.590018169706476,0,3.903838028814744,3.903838028814744,1,2,6.2
7.314528057601519,12,149.63,0,0,1.2246467991473532e-16,-1.0,2,1,53.50232070543986,2.1180043530787778,1,14.629056115203039,0.0,0,0,3.9
12.14086976880855,13,257.05,0,0,-0.2588190451025208,-0.9659258262890683,3,1,147.40071874316936,2.575727203317024,2,36.42260930642565,0.0,0,0,5.1
4.519744989669624,9,211.82,1,0,0.7071067811865476,-0.7071067811865475,1,1,20.428094771643668,1.7083316616982467,0,4.519744989669624,4.519744989669624,1,1,4.7
35.677981382917,10,1474.29,1,0,0.49999999999999994,-0.8660254037844387,2,3,1272.9183555597717,3.602176612692776,4,71.355962765834,35.677981382917,2,3,8.9
32.82009864541398,1,680.09,0,1,0.25881904510252074,0.9659258262890683,3,2,1077.1588750947044,3.521055260243649,3,98.46029593624193,0.0,0,0,6.6
2.9006129499220528,8,216.31,1,0,0.8660254037844387,-0.4999999999999998,3,1,8.413555485255513,1.3611337074328975,0,8.701838849766158,2.9006129499220528,3,1,7.1
6.876592784638472,16,160.56,0,0,-0.8660254037844385,-0.5000000000000004,3,1,47.287528325741896,2.063895422627021,1,20.629778353915416,0.0,0,0,5.1
3.5793046007904676,2,95.82,0,1,0.49999999999999994,0.8660254037844387,2,1,12.811421425239809,1.5215471527096176,0,7.158609201580935,0.0,0,0,3.9
3.352496763810817,23,151.43,0,1,-0.25881904510252157,0.9659258262890681,3,2,11.239234551362003,1.4707496491357073,0,10.057490291432451,0.0,0,0,6.6
1.0,5,86.79,0,1,0.9659258262890683,0.25881904510252074,2,2,1.0,0.6931471805599453,0,2.0,0.0,0,0,5.4
9.404920709825932,4,151.78,0,1,0.8660254037844386,0.5000000000000001,1,1,88.4525335581127,2.3422788394250134,1,9.404920709825932,0.0,0,0,2.7
6.985196328296385,4,118.17,0,1,0.8660254037844386,0.5000000000000001,1,1,48.7929677448453,2.077589368502649,1,6.985196328296385,0.0,0,0,2.7
1.0,21,136.68,1,0,-0.7071067811865477,0.7071067811865474,2,1,1.0,0.6931471805599453,0,2.0,1.0,2,1,5.9
3.2662592101036934,14,97.38,0,0,-0.4999999999999997,-0.8660254037844388,1,2,10.668449227587203,1.4507373800653258,0,3.2662592101036934,0.0,0,0,4.2
23.888609510893403,22,463.27,0,1,-0.5000000000000004,0.8660254037844384,2,2,570.6656643639467,3.2144102494470723,2,47.777219021786806,0.0,0,0,5.4
2.7386055214207703,16,87.69,0,0,-0.8660254037844385,-0.5000000000000004,2,1,7.499960201956329,1.3187126866635561,0,5.477211042841541,0.0,0,0,3.9
1.5653086098546976,8,130.53,1,0,0.8660254037844387,-0.4999999999999998,1,1,2.450191044085246,0.9420787871182011,0,1.5653086098546976,1.5653086098546976,1,1,4.7
6.722721094736363,2,133.73,0,1,0.49999999999999994,0.8660254037844387,2,1,45.19497891761328,2.044166775343971,1,13.445442189472725,0.0,0,0,3.9
40.0,19,1621.96,1,0,-0.9659258262890684,0.2588190451025203,2,3,1600.0,3.713572066704308,4,80.0,40.0,2,3,8.9
2.7714481355972618,16,82.41,0,0,-0.8660254037844385,-0.5000000000000004,1,1,7.680924768305538,1.3274590485524733,0,2.7714481355972618,0.0,0,0,2.7
11.151550102972934,9,460.06,1,0,0.7071067811865476,-0.7071067811865475,1,2,124.35706969911564,2.497456742140458,1,11.151550102972934,11.151550102972934,1,2,6.2
14.338876262394628,2,267.5,0,1,0.49999999999999994,0.8660254037844387,1,2,205.60337246826413,2.730390537870838,2,14.338876262394628,0.0,0,0,4.2
2.713331723358058,17,150.77,1,0,-0.9659258262890683,-0.25881904510252063,1,1,7.362169040981209,1.3119295122648817,0,2.713331723358058,2.713331723358058,1,1,4.7
13.027489284923162,17,585.3,1,0,-0.9659258262890683,-0.25881904510252063,3,1,169.71547706878778,2.6410189247805107,2,39.08246785476948,13.027489284923162,3,1,7.1
4.58522799264304,16,91.3,0,0,-0.8660254037844385,-0.5000000000000004,1,1,21.024315744517324,1.7201252540054206,0,4.58522799264304,0.0,0,0,2.7
10.005037477317714,23,229.61,0,1,-0.25881904510252157,0.9659258262890681,2,2,100.10077492253201,2.3983531204535637,1,20.010074954635428,0.0,0,0,5.4
10.038378271376383,2,193.6,0,1,0.49999999999999994,0.8660254037844387,1,2,100.76903831924149,2.401378134350057,1,10.038378271376383,0.0,0,0,4.2
7.673852499523488,2,153.81,0,1,0.49999999999999994,0.8660254037844387,1,2,58.88801218444288,2.160313040371597,1,7.673852499523488,0.0,0,0,4.2
1.0,5,102.86,0,1,0.9659258262890683,0.25881904510252074,3,2,1.0,0.6931471805599453,0,3.0,0.0,0,0,6.6
18.03644794246297,12,305.2,0,0,1.2246467991473532e-16,-1.0,2,1,325.3134543811767,2.946355454315426,2,36.07289588492594,0.0,0,0,3.9
3.8681029366739663,23,126.62,0,1,-0.25881904510252157,0.9659258262890681,1,3,14.962220328705762,1.58270432047977,0,3.8681029366739663,0.0,0,0,5.7
2.0643210660755655,14,81.89,0,0,-0.4999999999999997,-0.8660254037844388,1,2,4.26142146384336,1.1198260329668022,0,2.0643210660755655,0.0,0,0,4.2
1.0,8,113.98,1,0,0.8660254037844387,-0.4999999999999998,1,1,1.0,0.6931471805599453,0,1.0,1.0,1,1,4.7
8.937784045945834,3,204.23,0,1,0.7071067811865476,0.7071067811865476,1,3,79.88398365196389,2.2963440628117895,1,8.937784045945834,0.0,0,0,5.7
11.318517342673488,13,244.08,0,0,-0.2588190451025208,-0.9659258262890683,2,2,128.10883483640052,2.5111036053010487,1,22.637034685346975,0.0,0,0,5.4
1.0,4,69.66,0,1,0.8660254037844386,0.5000000000000001,1,2,1.0,0.6931471805599453,0,1.0,0.0,0,0,4.2
7.176305845494884,1,162.16,0,1,0.25881904510252074,0.9659258262890683,1,2,51.49936558808404,2.101240440478782,1,7.176305845494884,0.0,0,0,4.2
2.5682414705495766,10,220.96,1,0,0.49999999999999994,-0.8660254037844387,1,3,6.595864251050652,1.2720728891513329,0,2.5682414705495766,2.5682414705495766,1,3,7.7
10.36124341547692,8,560.02,1,0,0.8660254037844387,-0.4999999999999998,3,2,107.35536511476384,2.4302078628909367,1,31.08373024643076,10.36124341547692,3,2,8.6
1.9160422253913376,23,69.28,0,1,-0.25881904510252157,0.9659258262890681,3,1,3.6712178094825894,1.0702272946284475,0,5.748126676174013,0.0,0,0,5.1
11.742125275677191,2,183.73,0,1,0.49999999999999994,0.8660254037844387,1,1,137.87750598969714,2.5449134553581922,1,11.742125275677191,0.0,0,0,2.7
4.8895870098110175,8,329.18,1,0,0.8660254037844387,-0.4999999999999998,2,3,23.908061126512646,1.7731858780253777,0,9.779174019622035,4.8895870098110175,2,3,8.9
27.60343817804307,2,382.2,0,1,0.49999999999999994,0.8660254037844387,1,1,761.9497992490458,3.353526926615933,3,27.60343817804307,0.0,0,0,2.7
1.4794441343927893,1,69.19,0,1,0.25881904510252074,0.9659258262890683,1,1,2.1887549467892295,0.9080343956961646,0,1.4794441343927893,0.0,0,0,2.7
4.171324339951718,11,115.28,0,0,0.258819045102521,-0.9659258262890682,2,1,17.399946749073635,1.643128814315337,0,8.342648679903435,0.0,0,0,3.9
1.2044428503699642,9,154.78,1,0,0.7071067811865476,-0.7071067811865475,3,1,1.450682579807324,0.7904748014017821,0,3.613328551109893,1.2044428503699642,3,1,7.1
25.861903971507235,8,1189.65,1,0,0.8660254037844387,-0.4999999999999998,3,2,668.8380770314617,3.290709073598029,3,77.58571191452171,25.861903971507235,3,2,8.6
20.983337071609938,14,456.99,0,0,-0.4999999999999997,-0.8660254037844388,2,3,440.3004346607999,3.0902847605456896,2,41.966674143219876,0.0,0,0,6.9
2.9832737006148893,7,183.56,1,0,0.9659258262890683,-0.25881904510252063,1,1,8.899921972780456,1.3821040190404186,0,2.9832737006148893,2.9832737006148893,1,1,4.7
10.787627390439145,4,190.85,0,1,0.8660254037844386,0.5000000000000001,2,1,116.37290471495287,2.4670504551494616,1,21.57525478087829,0.0,0,0,3.9
16.994840726392212,10,546.47,1,0,0.49999999999999994,-0.8660254037844387,1,1,288.82461131543937,2.890085090499449,2,16.994840726392212,16.994840726392212,1,1,4.7
8.10132360686508,1,225.27,0,1,0.25881904510252074,0.9659258262890683,2,3,65.63144418314943,2.208419854249644,1,16.20264721373016,0.0,0,0,6.9
7.54279410193946,23,167.43,0,1,-0.25881904510252157,0.9659258262890681,1,2,56.89374286425271,2.14508813250241,1,7.54279410193946,0.0,0,0,4.2
2.7687704543790312,14,94.25,0,0,-0.4999999999999997,-0.8660254037844388,2,1,7.666089829042267,1.3267488088428843,0,5.5375409087580625,0.0,0,0,3.9
1.0,5,81.34,0,1,0.9659258262890683,0.25881904510252074,1,3,1.0,0.6931471805599453,0,1.0,0.0,0,0,5.7
22.75123225194523,7,876.06,1,0,0.9659258262890683,-0.25881904510252063,1,3,517.6185689819528,3.1676344134271375,2,22.75123225194523,22.75123225194523,1,3,7.7
23.06774427648427,4,561.55,0,1,0.8660254037844386,0.5000000000000001,3,3,532.1208260052728,3.1808725322594564,2,69.20323282945282,0.0,0,0,8.1
10.026699194828847,15,222.31,0,0,-0.7071067811865471,-0.7071067811865479,1,3,100.53469674358145,2.4003195314372783,1,10.026699194828847,0.0,0,0,5.7
4.140465098113239,17,237.3,1,0,-0.9659258262890683,-0.25881904510252063,2,1,17.143451228693873,1.6371435613877101,0,8.280930196226478,4.140465098113239,2,1,5.9
4.295676158116439,5,115.67,0,1,0.9659258262890683,0.25881904510252074,1,2,18.45283365541001,1.666890668373157,0,4.295676158116439,0.0,0,0,4.2
12.944654297271182,4,214.14,0,1,0.8660254037844386,0.5000000000000001,1,1,167.56407487586128,2.6350962303290792,2,12.944654297271182,0.0,0,0,2.7
22.740973491072523,15,401.04,0,0,-0.7071067811865471,-0.7071067811865479,1,3,517.1518753216633,3.167202394704412,2,22.740973491072523,0.0,0,0,5.7
21.811325693966133,12,377.07,0,0,1.2246467991473532e-16,-1.0,1,2,475.7339285282672,3.1272571535888716,2,21.811325693966133,0.0,0,0,4.2
15.135621919309033,4,344.1,0,1,0.8660254037844386,0.5000000000000001,3,2,229.08705088426805,2.7810293694967037,2,45.4068657579271,0.0,0,0,6.6
10.273106935677049,12,203.73,0,0,1.2246467991473532e-16,-1.0,1,2,105.53672611185588,2.4224199720173183,1,10.273106935677049,0.0,0,0,4.2
1.0,16,66.92,0,0,-0.8660254037844385,-0.5000000000000004,3,1,1.0,0.6931471805599453,0,3.0,0.0,0,0,5.1
1.7629421468341149,17,207.04,1,0,-0.9659258262890683,-0.25881904510252063,2,2,3.107965013084078,1.0162961071893526,0,3.5258842936682298,1.7629421468341149,2,2,7.4
22.882305001775055,7,865.45,1,0,0.9659258262890683,-0.25881904510252063,1,3,523.5998821942597,3.1731378082286645,2,22.882305001775055,22.882305001775055,1,3,7.7
9.324939469655895,12,255.49,0,0,1.2246467991473532e-16,-1.0,2,3,86.95449611274637,2.3345622763268508,1,18.64987893931179,0.0,0,0,6.9
1.0,18,125.12,1,0,-1.0,-1.8369701987210297e-16,2,1,1.0,0.6931471805599453,0,2.0,1.0,2,1,5.9
1.0699690143594933,2,71.54,0,1,0.49999999999999994,0.8660254037844387,2,1,1.1448336916894257,0.7275336382567852,0,2.1399380287189866,0.0,0,0,3.9
10.891623872902409,23,166.9,0,1,-0.25881904510252157,0.9659258262890681,1,1,118.62747058877767,2.4758342760536194,1,10.891623872902409,0.0,0,0,2.7
1.0,7,146.79,1,0,0.9659258262890683,-0.25881904510252063,1,2,1.0,0.6931471805599453,0,1.0,1.0,1,2,6.2
1.7531581610419904,1,120.74,0,1,0.25881904510252074,0.9659258262890683,3,3,3.0735635376281336,1.012748674943236,0,5.259474483125971,0.0,0,0,8.1
7.956978461389317,7,406.55,1,0,0.9659258262890683,-0.25881904510252063,3,1,63.313506235013506,2.192432944822233,1,23.87093538416795,7.956978461389317,3,1,7.1
11.773152866548127,12,303.98,0,0,1.2246467991473532e-16,-1.0,3,2,138.60712841911038,2.547345535932979,1,35.31945859964438,0.0,0,0,6.6
10.554414821352488,12,235.8,0,0,1.2246467991473532e-16,-1.0,1,3,111.39567222118507,2.447067599549314,1,10.554414821352488,0.0,0,0,5.7
2.539498673080245,0,99.08,0,1,0.0,1.0,2,2,6.4490535105763245,1.263985099342997,0,5.07899734616049,0.0,0,0,5.4
12.454172888985388,5,231.22,0,1,0.9659258262890683,0.25881904510252074,1,2,155.10642234873865,2.599289309898832,2,12.454172888985388,0.0,0,0,4.2
2.7082375905280593,23,88.37,0,1,-0.25881904510252157,0.9659258262890681,1,2,7.334550846749228,1.3105567207663282,0,2.7082375905280593,0.0,0,0,4.2
3.9363490891808444,18,218.07,1,0,-1.0,-1.8369701987210297e-16,1,2,15.494844151894863,1.5966260071940699,0,3.9363490891808444,3.9363490891808444,1,2,6.2
13.723575516657906,15,245.48,0,0,-0.7071067811865471,-0.7071067811865479,2,1,188.33652496141232,2.6894499857516974,2,27.447151033315812,0.0,0,0,3.9
10.48773814302768,7,433.9,1,0,0.9659258262890683,-0.25881904510252063,1,2,109.9926513567177,2.441280218089578,1,10.48773814302768,10.48773814302768,1,2,6.2
18.91956077463401,0,327.33,0,1,0.0,1.0,1,2,357.9497799050699,2.991702202447195,2,18.91956077463401,0.0,0,0,4.2
10.718132881697624,15,317.21,0,0,-0.7071067811865471,-0.7071067811865479,3,3,114.87837246972781,2.461137461022255,1,32.15439864509287,0.0,0,0,8.1
8.400443055872573,8,368.85,1,0,0.8660254037844387,-0.4999999999999998,1,2,70.56744353495773,2.24075682176867,1,8.400443055872573,8.400443055872573,1,2,6.2
1.0,12,65.28,0,0,1.2246467991473532e-16,-1.0,1,2,1.0,0.6931471805599453,0,1.0,0.0,0,0,4.2
4.584163072070201,10,211.97,1,0,0.49999999999999994,-0.8660254037844387,1,1,21.0145510713321,1.7199345684846261,0,4.584163072070201,4.584163072070201,1,1,4.7
3.0816014785883117,12,91.01,0,0,1.2246467991473532e-16,-1.0,3,1,9.49626767283767,1.4064894306623785,0,9.244804435764935,0.0,0,0,5.1
2.7970020366242125,20,193.1,1,0,-0.8660254037844386,0.5000000000000001,2,1,7.823220392879993,1.3342118176267173,0,5.594004073248425,2.7970020366242125,2,1,5.9
36.12309406162926,9,1062.33,1,0,0.7071067811865476,-0.7071067811865475,1,1,1304.8779245853152,3.61423925739771,4,36.12309406162926,36.12309406162926,1,1,4.7
4.993874970400237,3,164.31,0,1,0.7071067811865476,0.7071067811865476,3,2,24.938787219989972,1.790738109551164,0,14.981624911200711,0.0,0,0,6.6
22.26055211248523,5,534.57,0,1,0.9659258262890683,0.25881904510252074,3,3,495.5321803526706,3.146758883373094,2,66.78165633745569,0.0,0,0,8.1
9.973343857364831,6,158.83,0,0,1.0,6.123233995736766e-17,1,1,99.46758769723681,2.3954690461954176,1,9.973343857364831,0.0,0,0,2.7
15.838252526883998,4,265.24,0,1,0.8660254037844386,0.5000000000000001,2,1,250.85024310534737,2.823653234242375,2,31.676505053767997,0.0,0,0,3.9
6.984353243887704,10,405.12,1,0,0.49999999999999994,-0.8660254037844387,2,3,48.7811902354047,2.077483782004338,1,13.968706487775409,6.984353243887704,2,3,8.9
8.60155902641585,12,161.83,0,0,1.2246467991473532e-16,-1.0,2,1,73.986817684916,2.261925483873552,1,17.2031180528317,0.0,0,0,3.9
6.782934333416934,18,322.51,1,0,-1.0,-1.8369701987210297e-16,1,2,46.008198171446224,2.0519334307602284,1,6.782934333416934,6.782934333416934,1,2,6.2
2.172148953252385,22,114.08,0,1,-0.5000000000000004,0.8660254037844384,3,2,4.7182310751154315,1.154409261450774,0,6.5164468597571545,0.0,0,0,6.6
12.817618030658037,9,584.24,1,0,0.7071067811865476,-0.7071067811865475,2,2,164.29133197985,2.625944446802641,2,25.635236061316075,12.817618030658037,2,2,7.4
3.2957736836626292,9,173.57,1,0,0.7071067811865476,-0.7071067811865475,1,1,10.862124173923137,1.4576316751072076,0,3.2957736836626292,3.2957736836626292,1,1,4.7
1.0,10,125.04,1,0,0.49999999999999994,-0.8660254037844387,1,1,1.0,0.6931471805599453,0,1.0,1.0,1,1,4.7
10.36968786295274,20,433.69,1,0,-0.8660254037844386,0.5000000000000001,1,2,107.53042637506935,2.4309508546989584,1,10.36968786295274,10.36968786295274,1,2,6.2
1.949335702248227,6,81.64,0,0,1.0,6.123233995736766e-17,1,2,3.799909680059588,1.0815799593150595,0,1.949335702248227,0.0,0,0,4.2
28.21083147273303,17,982.2,1,0,-0.9659258262890683,-0.25881904510252063,2,1,795.8510123829444,3.3745395813397105,3,56.42166294546606,28.21083147273303,2,1,5.9
30.77562412788023,3,500.17,0,1,0.7071067811865476,0.7071067811865476,1,2,947.1390404605638,3.4586994589874207,3,30.77562412788023,0.0,0,0,4.2
24.635098846338416,1,321.75,0,1,0.25881904510252074,0.9659258262890683,1,1,606.8880951688643,3.243962461141568,2,24.635098846338416,0.0,0,0,2.7
4.622873964973667,13,145.52,0,0,-0.2588190451025208,-0.9659258262890683,2,2,21.370963696031357,1.726842914862467,0,9.245747929947335,0.0,0,0,5.4
1.0,12,43.84,0,0,1.2246467991473532e-16,-1.0,1,1,1.0,0.6931471805599453,0,1.0,0.0,0,0,2.7
26.355234573318896,11,629.84,0,0,0.258819045102521,-0.9659258262890682,3,3,694.5983894146636,3.3089079026323365,3,79.06570371995669,0.0,0,0,8.1
5.589382770530613,6,105.14,0,0,1.0,6.123233995736766e-17,1,1,31.24119975550447,1.8854596825999212,1,5.589382770530613,0.0,0,0,2.7
34.00842016122056,1,454.34,0,1,0.25881904510252074,0.9659258262890683,1,1,1156.5726418621132,3.555588608590513,3,34.00842016122056,0.0,0,0,2.7
33.137354761302056,12,432.61,0,0,1.2246467991473532e-16,-1.0,1,1,1098.084280576388,3.530392232270145,3,33.137354761302056,0.0,0,0,2.7
19.17387017179419,13,270.65,0,0,-0.2588190451025208,-0.9659258262890683,1,1,367.6372973648189,3.004388211189818,2,19.17387017179419,0.0,0,0,2.7
3.487760681721603,16,131.69,0,0,-0.8660254037844385,-0.5000000000000004,1,3,12.16447457296314,1.5013538427615423,0,3.487760681721603,0.0,0,0,5.7
4.862919320986936,8,328.08,1,0,0.8660254037844387,-0.4999999999999998,2,3,23.647984322428044,1.7686476571824585,0,9.725838641973873,4.862919320986936,2,3,8.9
19.047266524780795,16,344.41,0,0,-0.8660254037844385,-0.5000000000000004,3,1,362.79836206603505,2.998092811529761,2,57.141799574342386,0.0,0,0,5.1
3.8114623143071706,7,198.15,1,0,0.9659258262890683,-0.25881904510252063,1,1,14.527244973383773,1.5710010533628138,0,3.8114623143071706,3.8114623143071706,1,1,4.7
1.857186162957548,1,102.08,0,1,0.25881904510252074,0.9659258262890683,2,2,3.44914044388098,1.0498372814189527,0,3.714372325915096,0.0,0,0,5.4
8.137369920602278,23,219.33,0,1,-0.25881904510252157,0.9659258262890681,2,3,66.21678922472273,2.212372589199167,1,16.274739841204557,0.0,0,0,6.9
27.512934708070418,12,574.04,0,0,1.2246467991473532e-16,-1.0,3,2,756.9615762505458,3.3503578337220934,3,82.53880412421125,0.0,0,0,6.6
11.908255977579373,2,178.02,0,1,0.49999999999999994,0.8660254037844387,1,1,141.80656042755487,2.5578671049180444,1,11.908255977579373,0.0,0,0,2.7
8.441123364356555,15,146.71,0,0,-0.7071067811865471,-0.7071067811865479,1,1,71.25256365228613,2.2450749735389155,1,8.441123364356555,0.0,0,0,2.7
1.022281973493229,5,66.12,0,1,0.9659258262890683,0.25881904510252074,1,2,1.0450604333292108,0.704226563641833,0,1.022281973493229,0.0,0,0,4.2
9.545307155177177,18,399.79,1,0,-1.0,-1.8369701987210297e-16,2,1,91.11288868667661,2.3556809415460864,1,19.090614310354354,9.545307155177177,2,1,5.9
40.0,6,818.42,0,0,1.0,6.123233995736766e-17,3,2,1600.0,3.713572066704308,4,120.0,0.0,0,0,6.6
1.5092058664226415,9,115.29,1,0,0.7071067811865476,-0.7071067811865475,1,1,2.277702347244516,0.9199663152030623,0,1.5092058664226415,1.5092058664226415,1,1,4.7
7.304953249815037,8,333.73,1,0,0.8660254037844387,-0.4999999999999998,1,2,53.36234198198328,2.1168521138880703,1,7.304953249815037,7.304953249815037,1,2,6.2
20.986086379007943,1,384.77,0,1,0.25881904510252074,0.9659258262890683,3,1,440.4158215071827,3.0904098159676545,2,62.95825913702383,0.0,0,0,5.1
13.5003424835367,14,308.64,0,0,-0.4999999999999997,-0.8660254037844388,3,2,182.25924717278588,2.6741722687018465,2,40.5010274506101,0.0,0,0,6.6
11.940744253016732,4,240.29,0,1,0.8660254037844386,0.5000000000000001,3,1,142.5813733159521,2.5603808031078734,1,35.822232759050195,0.0,0,0,5.1
12.1228755622449,21,550.06,1,0,-0.7071067811865477,0.7071067811865474,2,2,146.9641118976746,2.5743569334524343,2,24.2457511244898,12.1228755622449,2,2,7.4
4.454923423149491,3,98.33,0,1,0.7071067811865476,0.7071067811865476,1,1,19.846342706125984,1.6965185812670684,0,4.454923423149491,0.0,0,0,2.7
3.475620842670952,19,260.96,1,0,-0.9659258262890684,0.2588190451025203,2,2,12.079940242008737,1.49864507789629,0,6.951241685341904,3.475620842670952,2,2,7.4
16.573745072597124,3,339.33,0,1,0.7071067811865476,0.7071067811865476,2,2,274.6890257314374,2.8664060310276813,2,33.14749014519425,0.0,0,0,5.4
16.613281990870288,17,622.61,1,0,-0.9659258262890683,-0.25881904510252063,1,2,276.001138508175,2.868653276004682,2,16.613281990870288,16.613281990870288,1,2,6.2
20.17950047367915,3,393.96,0,1,0.7071067811865476,0.7071067811865476,2,2,407.21223936721697,3.0530337550830073,2,40.3590009473583,0.0,0,0,5.4
24.446159618366362,16,460.3,0,0,-0.8660254037844385,-0.5000000000000004,2,2,597.6147200866462,3.236564832528248,2,48.892319236732725,0.0,0,0,5.4
7.160932369329037,11,192.9,0,0,0.258819045102521,-0.9659258262890682,1,3,51.27895239810438,2.0993584233959166,1,7.160932369329037,0.0,0,0,5.7
6.961843775511992,21,312.74,1,0,-0.7071067811865477,0.7071067811865474,2,1,48.46726875463507,2.0746606031236308,1,13.923687551023985,6.961843775511992,2,1,5.9
16.009499323084874,16,377.49,0,0,-0.8660254037844385,-0.5000000000000004,2,3,256.30406857585507,2.833771971705607,2,32.01899864616975,0.0,0,0,6.9
10.497190748878003,9,478.58,1,0,0.7071067811865476,-0.7071067811865475,3,1,110.19101361832993,2.4421027228210637,1,31.491572246634007,10.497190748878003,3,1,7.1
12.10550648511517,21,421.05,1,0,-0.7071067811865477,0.7071067811865474,1,1,146.54328726116543,2.573032484263202,2,12.10550648511517,12.10550648511517,1,1,4.7
15.88619474954205,0,221.53,0,1,0.0,1.0,1,1,252.37118362037737,2.8264964093764693,2,15.88619474954205,0.0,0,0,2.7
22.07323476346767,21,793.06,1,0,-0.7071067811865477,0.7071067811865474,2,1,487.2276929231577,3.138673277504581,2,44.14646952693534,22.07323476346767,2,1,5.9
4.124824071376542,23,114.39,0,1,-0.25881904510252157,0.9659258262890681,1,2,17.014173619807355,1.634096196898984,0,4.124824071376542,0.0,0,0,4.2
4.7093678872755635,17,296.16,1,0,-0.9659258262890683,-0.25881904510252063,2,2,22.178145897702304,1.742108314786075,0,9.418735774551127,4.7093678872755635,2,2,7.4
1.0,17,173.01,1,0,-0.9659258262890683,-0.25881904510252063,2,2,1.0,0.6931471805599453,0,2.0,1.0,2,2,7.4
8.634140266094347,13,178.18,0,0,-0.2588190451025208,-0.9659258262890683,1,2,74.54837813459176,2.2653130675886866,1,8.634140266094347,0.0,0,0,4.2
1.0,14,48.37,0,0,-0.4999999999999997,-0.8660254037844388,2,1,1.0,0.6931471805599453,0,2.0,0.0,0,0,3.9
6.266069481821096,11,138.56,0,0,0.258819045102521,-0.9659258262890682,2,1,39.263626751009696,1.9832154963490907,1,12.532138963642192,0.0,0,0,3.9
7.822945856871259,3,124.71,0,1,0.7071067811865476,0.7071067811865476,1,1,61.1984818795392,2.1773558116316862,1,7.822945856871259,0.0,0,0,2.7
3.376306603145225,2,108.8,0,1,0.49999999999999994,0.8660254037844387,3,1,11.399446278442047,1.4762051273693824,0,10.128919809435676,0.0,0,0,5.1
8.936325301461753,19,438.45,1,0,-0.9659258262890684,0.2588190451025203,3,1,79.8579098935455,2.2961972643353197,1,26.80897590438526,8.936325301461753,3,1,7.1
1.0,11,56.8,0,0,0.258819045102521,-0.9659258262890682,2,1,1.0,0.6931471805599453,0,2.0,0.0,0,0,3.9
1.0,6,92.26,0,0,1.0,6.123233995736766e-17,2,2,1.0,0.6931471805599453,0,2.0,0.0,0,0,5.4
17.29351369538136,10,648.64,1,0,0.49999999999999994,-0.8660254037844387,1,2,299.06561593234267,2.906546554142317,2,17.29351369538136,17.29351369538136,1,2,6.2
4.4658502420774475,0,172.88,0,1,0.0,1.0,3,3,19.943818384663196,1.698519689047382,0,13.397550726232343,0.0,0,0,8.1
1.3588904129742798,5,113.33,0,1,0.9659258262890683,0.25881904510252074,2,3,1.8465831544734088,0.8581913444818228,0,2.7177808259485596,0.0,0,0,6.9
7.386535882790156,14,179.43,0,0,-0.4999999999999997,-0.8660254037844388,2,2,54.56091234774655,2.1266275487806334,1,14.773071765580312,0.0,0,0,5.4
14.696479404457353,14,278.25,0,0,-0.4999999999999997,-0.8660254037844388,3,1,215.98650688563916,2.753436445454012,2,44.08943821337206,0.0,0,0,5.1
2.4311800342990337,18,188.34,1,0,-1.0,-1.8369701987210297e-16,1,2,5.910636359174251,1.232904235335288,0,2.4311800342990337,2.4311800342990337,1,2,6.2
9.752196186564928,10,540.63,1,0,0.49999999999999994,-0.8660254037844387,3,2,95.10533046125154,2.3751100301326438,1,29.256588559694784,9.752196186564928,3,2,8.6
1.0,22,60.92,0,1,-0.5000000000000004,0.8660254037844384,1,1,1.0,0.6931471805599453,0,1.0,0.0,0,0,2.7
1.0,1,60.42,0,1,0.25881904510252074,0.9659258262890683,1,1,1.0,0.6931471805599453,0,1.0,0.0,0,0,2.7
7.57908940625521,13,187.62,0,0,-0.2588190451025208,-0.9659258262890683,1,3,57.44259622800995,2.1493277780606195,1,7.57908940625521,0.0,0,0,5.7
7.779104426947422,1,171.11,0,1,0.25881904510252074,0.9659258262890683,3,1,60.514465685352974,2.1723744009578936,1,23.337313280842267,0.0,0,0,5.1
10.145374482046158,3,250.19,0,1,0.7071067811865476,0.7071067811865476,3,2,102.92862338095335,2.4110245671747395,1,30.436123446138474,0.0,0,0,6.6
12.949605629166843,16,270.17,0,0,-0.8660254037844385,-0.5000000000000004,2,2,167.69228595094958,2.6354512375571413,2,25.899211258333686,0.0,0,0,5.4
37.23557008699993,2,573.98,0,1,0.49999999999999994,0.8660254037844387,2,1,1386.487679703884,3.6437662364674175,4,74.47114017399986,0.0,0,0,3.9
7.262911192303562,12,131.54,0,0,1.2246467991473532e-16,-1.0,2,1,52.749878987288355,2.111776970027691,1,14.525822384607125,0.0,0,0,3.9
3.900197141059788,8,247.62,1,0,0.8660254037844387,-0.4999999999999998,3,1,15.211537739130945,1.5892754371766054,0,11.700591423179365,3.900197141059788,3,1,7.1
15.856539797326864,6,239.44,0,0,1.0,6.123233995736766e-17,1,1,251.42985434421067,2.8247387000355735,2,15.856539797326864,0.0,0,0,2.7
3.158514654361373,14,79.58,0,0,-0.4999999999999997,-0.8660254037844388,1,1,9.976214821815542,1.4251579562740746,0,3.158514654361373,0.0,0,0,2.7
5.779834312733013,22,165.19,0,1,-0.5000000000000004,0.8660254037844384,1,3,33.4064846826459,1.913952664003702,1,5.779834312733013,0.0,0,0,5.7
1.0,10,138.89,1,0,0.49999999999999994,-0.8660254037844387,2,1,1.0,0.6931471805599453,0,2.0,1.0,2,1,5.9
1.0,19,179.89,1,0,-0.9659258262890684,0.2588190451025203,2,2,1.0,0.6931471805599453,0,2.0,1.0,2,2,7.4
32.87379923268602,1,436.85,0,1,0.25881904510252074,0.9659258262890683,1,1,1080.6866759909478,3.5226418315660264,3,32.87379923268602,0.0,0,0,2.7
18.077676421150628,14,354.92,0,0,-0.4999999999999997,-0.8660254037844388,1,3,326.80238478782536,2.948518877742123,2,18.077676421150628,0.0,0,0,5.7
11.906427327993416,13,231.95,0,0,-0.2588190451025208,-0.9659258262890683,3,1,141.76301171678844,2.5577254297661653,1,35.71928198398025,0.0,0,0,5.1
5.258596444651419,19,236.67,1,0,-0.9659258262890684,0.2588190451025203,1,1,27.65283656770054,1.833955949853579,1,5.258596444651419,5.258596444651419,1,1,4.7
1.9030653614210875,21,216.78,1,0,-0.7071067811865477,0.7071067811865474,2,3,3.6216577698407746,1.0657671999185825,0,3.806130722842175,1.9030653614210875,2,3,8.9
1.7012074157285415,10,222.14,1,0,0.49999999999999994,-0.8660254037844387,3,3,2.8941066713297827,0.993698864060754,0,5.1036222471856245,1.7012074157285415,3,3,10.1
2.880059891265836,2,81.72,0,1,0.49999999999999994,0.8660254037844387,1,1,8.294744977278178,1.3558505894093067,0,2.880059891265836,0.0,0,0,2.7
7.967906483133146,16,199.11,0,0,-0.8660254037844385,-0.5000000000000004,1,3,63.487533723955224,2.193652257875741,1,7.967906483133146,0.0,0,0,5.7
12.538492877767757,11,232.54,0,0,0.258819045102521,-0.9659258262890682,2,1,157.21380364583277,2.605536952409054,2,25.076985755535514,0.0,0,0,3.9
10.793903496967985,23,233.37,0,1,-0.25881904510252157,0.9659258262890681,3,1,116.5083527018577,2.46758274516125,1,32.381710490903956,0.0,0,0,5.1
3.2841226138899593,20,212.81,1,0,-0.8660254037844386,0.5000000000000001,2,1,10.78546134306342,1.4549157735321188,0,6.568245227779919,3.2841226138899593,2,1,5.9
30.981034985563063,14,521.54,0,0,-0.4999999999999997,-0.8660254037844388,3,1,959.8245287766825,3.4651430704081703,3,92.94310495668918,0.0,0,0,5.1
13.390174048752264,15,265.04,0,0,-0.7071067811865471,-0.7071067811865479,1,2,179.29676105587862,2.666545615944426,2,13.390174048752264,0.0,0,0,4.2
8.082304819313313,4,164.88,0,1,0.8660254037844386,0.5000000000000001,2,1,65.3236511922952,2.2063279951287544,1,16.164609638626626,0.0,0,0,3.9
9.460304720374351,19,391.12,1,0,-0.9659258262890684,0.2588190451025203,2,1,89.49736540233722,2.3475875901794043,1,18.920609440748702,9.460304720374351,2,1,5.9
5.440378655320513,5,182.56,0,1,0.9659258262890683,0.25881904510252074,3,2,29.59771991326704,1.8625873357977798,1,16.32113596596154,0.0,0,0,6.6
2.846612922740635,18,194.41,1,0,-1.0,-1.8369701987210297e-16,1,2,8.10320513191398,1.3471930007563468,0,2.846612922740635,2.846612922740635,1,2,6.2
4.400141293231124,4,125.59,0,1,0.8660254037844386,0.5000000000000001,3,1,19.361243400397672,1.6864251186410915,0,13.200423879693373,0.0,0,0,5.1
14.181818477567132,2,290.56,0,1,0.49999999999999994,0.8660254037844387,2,2,201.12397533066454,2.720098559098854,2,28.363636955134265,0.0,0,0,5.4
1.0,0,45.53,0,1,0.0,1.0,1,1,1.0,0.6931471805599453,0,1.0,0.0,0,0,2.7
1.2338039223997606,5,81.05,0,1,0.9659258262890683,0.25881904510252074,1,2,1.5222721189290345,0.8037059270545367,0,1.2338039223997606,0.0,0,0,4.2
1.0,14,102.18,0,0,-0.4999999999999997,-0.8660254037844388,3,2,1.0,0.6931471805599453,0,3.0,0.0,0,0,6.6
1.0,1,85.8,0,1,0.25881904510252074,0.9659258262890683,1,3,1.0,0.6931471805599453,0,1.0,0.0,0,0,5.7
19.342030336156586,2,269.82,0,1,0.49999999999999994,0.8660254037844387,1,1,374.11413752480166,3.012689205508781,2,19.342030336156586,0.0,0,0,2.7
12.162406117006883,16,169.03,0,0,-0.8660254037844385,-0.5000000000000004,1,1,147.92412255500645,2.5773647448235937,2,12.162406117006883,0.0,0,0,2.7
6.427845944128924,23,150.6,0,1,-0.25881904510252157,0.9659258262890681,3,1,41.317203481454655,2.005235903389672,1,19.28353783238677,0.0,0,0,5.1
1.0295691844781325,11,64.48,0,0,0.258819045102521,-0.9659258262890682,2,1,1.0600127056269668,0.7078235461359038,0,2.059138368956265,0.0,0,0,3.9
6.7651796579723324,17,311.02,1,0,-0.9659258262890683,-0.25881904510252063,2,1,45.767655804642644,2.0496495932257632,1,13.530359315944665,6.7651796579723324,2,1,5.9
6.414503320943712,14,167.49,0,0,-0.4999999999999997,-0.8660254037844388,1,3,41.145852854397916,2.003437990331425,1,6.414503320943712,0.0,0,0,5.7
1.90194712800225,11,70.76,0,0,0.258819045102521,-0.9659258262890682,2,1,3.617402877716007,1.0653819351376,0,3.8038942560045,0.0,0,0,3.9
5.688991313023238,15,121.93,0,0,-0.7071067811865471,-0.7071067811865479,2,1,32.36462215965387,1.9004630874395445,1,11.377982626046476,0.0,0,0,3.9
5.083366145832069,7,351.51,1,0,0.9659258262890683,-0.25881904510252063,3,2,25.84061137259158,1.8055581851812528,1,15.250098437496206,5.083366145832069,3,2,8.6
9.567224329131346,13,199.07,0,0,-0.2588190451025208,-0.9659258262890683,3,1,91.53178136392273,2.357757166450113,1,28.701672987394037,0.0,0,0,5.1
10.08114536040912,16,214.31,0,0,-0.8660254037844385,-0.5000000000000004,1,2,101.62949177769833,2.405245047854713,1,10.08114536040912,0.0,0,0,4.2
1.0,20,116.9,1,0,-0.8660254037844386,0.5000000000000001,2,1,1.0,0.6931471805599453,0,2.0,1.0,2,1,5.9
4.693840046550616,7,212.37,1,0,0.9659258262890683,-0.25881904510252063,1,1,22.032134382602287,1.7393848968825232,0,4.693840046550616,4.693840046550616,1,1,4.7
9.831249947827285,14,174.71,0,0,-0.4999999999999997,-0.8660254037844388,2,1,96.65347553665399,2.3824354696649097,1,19.66249989565457,0.0,0,0,3.9
6.9943945260778975,13,125.69,0,0,-0.2588190451025208,-0.9659258262890683,1,1,48.92155478642846,2.0787406118456415,1,6.9943945260778975,0.0,0,0,2.7
19.413494531754388,17,759.21,1,0,-0.9659258262890683,-0.25881904510252063,1,3,376.8837699344575,3.016196178812323,2,19.413494531754388,19.413494531754388,1,3,7.7
10.749747640549979,19,393.22,1,0,-0.9659258262890684,0.2588190451025203,1,1,115.55707433550982,2.4638317629595234,1,10.749747640549979,10.749747640549979,1,1,4.7
1.7785286876730733,6,111.3,0,0,1.0,6.123233995736766e-17,2,2,3.1631642928761043,1.0219215385623759,0,3.5570573753461465,0.0,0,0,5.4
1.0,2,45.82,0,1,0.49999999999999994,0.8660254037844387,1,1,1.0,0.6931471805599453,0,1.0,0.0,0,0,2.7
10.28394147108891,11,187.92,0,0,0.258819045102521,-0.9659258262890682,2,1,105.75945218078235,2.4233806062323695,1,20.56788294217782,0.0,0,0,3.9
1.0,20,163.57,1,0,-0.8660254037844386,0.5000000000000001,1,3,1.0,0.6931471805599453,0,1.0,1.0,1,3,7.7
8.813473778072908,23,139.38,0,1,-0.25881904510252157,0.9659258262890681,1,1,77.67732003677872,2.283756316714433,1,8.813473778072908,0.0,0,0,2.7
28.172554553871517,2,537.8,0,1,0.49999999999999994,0.8660254037844387,2,2,793.6928300908668,3.37322835474082,3,56.345109107743035,0.0,0,0,5.4
8.567824455775444,19,405.28,1,0,-0.9659258262890684,0.2588190451025203,1,3,73.40761590498379,2.258405850026531,1,8.567824455775444,8.567824455775444,1,3,7.7
4.913006922239073,13,119.81,0,0,-0.2588190451025208,-0.9659258262890683,1,2,24.13763701796905,1.7771544875193999,0,4.913006922239073,0.0,0,0,4.2
10.30827157844982,14,260.43,0,0,-0.4999999999999997,-0.8660254037844388,2,3,106.26046293507632,2.4255344560312637,1,20.61654315689964,0.0,0,0,6.9
6.129559740510913,13,105.57,0,0,-0.2588190451025208,-0.9659258262890683,1,1,37.5715026124922,1.9642494850458254,1,6.129559740510913,0.0,0,0,2.7
7.888143605763202,6,142.95,0,0,1.0,6.123233995736766e-17,1,1,62.22280954514289,2.1847182094708884,1,7.888143605763202,0.0,0,0,2.7
28.38127146232999,16,395.79,0,0,-0.8660254037844385,-0.5000000000000004,1,1,805.4965698184667,3.3803574462671264,3,28.38127146232999,0.0,0,0,2.7
4.879275273501872,11,168.18,0,0,0.258819045102521,-0.9659258262890682,3,2,23.807327194606763,1.7714335015084801,0,14.637825820505615,0.0,0,0,6.6
32.49091861506754,19,1360.54,1,0,-0.9659258262890684,0.2588190451025203,2,3,1055.6597924509426,3.5112743159631505,3,64.98183723013508,32.49091861506754,2,3,8.9
23.57576183769919,3,372.56,0,1,0.7071067811865476,0.7071067811865476,2,1,555.8165462279135,3.2017606660694766,2,47.15152367539838,0.0,0,0,3.9
2.1789626094045,8,219.08,1,0,0.8660254037844387,-0.4999999999999998,2,2,4.747878053182868,1.1565549201119336,0,4.357925218809,2.1789626094045,2,2,7.4
1.0,5,61.29,0,1,0.9659258262890683,0.25881904510252074,1,1,1.0,0.6931471805599453,0,1.0,0.0,0,0,2.7
1.0622533548163022,15,71.97,0,0,-0.7071067811865471,-0.7071067811865479,1,2,1.128382189818489,0.7237992465321668,0,1.0622533548163022,0.0,0,0,4.2
1.0,21,136.57,1,0,-0.7071067811865477,0.7071067811865474,2,1,1.0,0.6931471805599453,0,2.0,1.0,2,1,5.9
1.0,21,167.22,1,0,-0.7071067811865477,0.7071067811865474,1,3,1.0,0.6931471805599453,0,1.0,1.0,1,3,7.7
11.488748725771671,20,458.05,1,0,-0.8660254037844386,0.5000000000000001,1,2,131.9913472839202,2.5248281370349925,1,11.488748725771671,11.488748725771671,1,2,6.2
1.0,20,126.7,1,0,-0.8660254037844386,0.5000000000000001,1,1,1.0,0.6931471805599453,0,1.0,1.0,1,1,4.7
3.841571882948685,1,99.98,0,1,0.25881904510252074,0.9659258262890683,1,1,14.757674531861904,1.5772394372067116,0,3.841571882948685,0.0,0,0,2.7
18.635260400972772,23,352.03,0,1,-0.25881904510252157,0.9659258262890681,3,1,347.2729302120639,2.9773269500236608,2,55.90578120291832,0.0,0,0,5.1
1.0,7,107.04,1,0,0.9659258262890683,-0.25881904510252063,1,1,1.0,0.6931471805599453,0,1.0,1.0,1,1,4.7
16.845305061859584,10,610.79,1,0,0.49999999999999994,-0.8660254037844387,2,1,283.7643026271121,2.8817404518848013,2,33.69061012371917,16.845305061859584,2,1,5.9
3.3108346683962946,12,124.92,0,0,1.2246467991473532e-16,-1.0,1,3,10.961626201454802,1.4611315439268833,0,3.3108346683962946,0.0,0,0,5.7
1.2575011982910764,16,92.34,0,0,-0.8660254037844385,-0.5000000000000004,3,2,1.5813092637034931,0.8142585371133261,0,3.7725035948732293,0.0,0,0,6.6
11.931554084399135,7,483.0,1,0,0.9659258262890683,-0.25881904510252063,1,2,142.36198286894168,2.5596703777035072,1,11.931554084399135,11.931554084399135,1,2,6.2
9.913991764332202,20,369.96,1,0,-0.8660254037844386,0.5000000000000001,1,1,98.28723270324673,2.3900456141671094,1,9.913991764332202,9.913991764332202,1,1,4.7
20.994158140869466,17,926.03,1,0,-0.9659258262890683,-0.25881904510252063,2,3,440.7546760438357,3.0907768790451917,2,41.98831628173893,20.994158140869466,2,3,8.9
13.282935787644004,17,597.35,1,0,-0.9659258262890683,-0.25881904510252063,2,2,176.43638313867382,2.659065523151279,2,26.565871575288007,13.282935787644004,2,2,7.4
16.269958059939782,13,237.45,0,0,-0.2588190451025208,-0.9659258262890683,1,1,264.71153527219946,2.848968463663443,2,16.269958059939782,0.0,0,0,2.7
3.3133386230673856,14,94.93,0,0,-0.4999999999999997,-0.8660254037844388,1,2,10.97821283111008,1.4617122267719111,0,3.3133386230673856,0.0,0,0,4.2
1.9533329604044698,5,79.67,0,1,0.9659258262890683,0.25881904510252074,1,2,3.81550965420249,1.0829343496749904,0,1.9533329604044698,0.0,0,0,4.2
13.887563960054248,10,465.16,1,0,0.49999999999999994,-0.8660254037844387,1,1,192.86443274459762,2.700526230897496,2,13.887563960054248,13.887563960054248,1,1,4.7
16.442091832434194,12,234.9,0,0,1.2246467991473532e-16,-1.0,1,1,270.34238382619924,2.858886355808374,2,16.442091832434194,0.0,0,0,2.7
40.0,0,524.87,0,1,0.0,1.0,1,1,1600.0,3.713572066704308,4,40.0,0.0,0,0,2.7
5.32079354152605,5,125.98,0,1,0.9659258262890683,0.25881904510252074,1,1,28.310843911545323,1.8438447606447688,1,5.32079354152605,0.0,0,0,2.7
4.652439119617327,8,281.13,1,0,0.8660254037844387,-0.4999999999999998,1,3,21.645189761745648,1.7320871545887349,0,4.652439119617327,4.652439119617327,1,3,7.7
14.97954503343587,7,700.44,1,0,0.9659258262890683,-0.25881904510252063,2,3,224.38676940873327,2.7713094689338154,2,29.95909006687174,14.97954503343587,2,3,8.9
4.1673367093075315,10,325.97,1,0,0.49999999999999994,-0.8660254037844387,3,2,17.366695248742126,1.642357412521057,0,12.502010127922595,4.1673367093075315,3,2,8.6
26.701379243993266,21,919.87,1,0,-0.7071067811865477,0.7071067811865474,2,1,712.9636535315544,3.3214822041556253,3,53.40275848798653,26.701379243993266,2,1,5.9
19.548391571662492,18,606.7,1,0,-1.0,-1.8369701987210297e-16,1,1,382.1396130390452,3.022782668860207,2,19.548391571662492,19.548391571662492,1,1,4.7
5.603556094421597,23,133.53,0,1,-0.25881904510252157,0.9659258262890681,1,2,31.399840903329423,1.8876083061156914,1,5.603556094421597,0.0,0,0,4.2
13.89784716495461,8,697.69,1,0,0.8660254037844387,-0.4999999999999998,3,2,193.1501558204369,2.7012167169388515,2,41.69354149486383,13.89784716495461,3,2,8.6
14.04632986855017,16,203.6,0,0,-0.8660254037844385,-0.5000000000000004,1,1,197.29938277612465,2.711134098900771,2,14.04632986855017,0.0,0,0,2.7
1.0883751880671801,11,73.02,0,0,0.258819045102521,-0.9659258262890682,1,2,1.1845605500002698,0.7363863416501163,0,1.0883751880671801,0.0,0,0,4.2
23.284456808676318,13,497.66,0,0,-0.2588190451025208,-0.9659258262890683,2,3,542.165928875113,3.189836508188128,2,46.568913617352635,0.0,0,0,6.9
7.0370748975675435,14,151.66,0,0,-0.4999999999999997,-0.8660254037844388,2,1,49.520423113975255,2.084065198282287,1,14.074149795135087,0.0,0,0,3.9
17.5133255752333,15,288.41,0,0,-0.7071067811865471,-0.7071067811865479,2,1,306.7165727041208,2.918490774155719,2,35.0266511504666,0.0,0,0,3.9
3.857354261645083,21,229.14,1,0,-0.7071067811865477,0.7071067811865474,1,2,14.879181899831483,1.580493899070027,0,3.857354261645083,3.857354261645083,1,2,6.2
22.58790514545926,21,707.99,1,0,-0.7071067811865477,0.7071067811865474,1,1,510.2134588602649,3.16073408682524,2,22.58790514545926,22.58790514545926,1,1,4.7
4.929884540601712,19,283.5,1,0,-0.9659258262890684,0.2588190451025203,3,1,24.303761583663753,1.780004742432514,0,14.789653621805137,4.929884540601712,3,1,7.1
1.0,0,38.94,0,1,0.0,1.0,1,1,1.0,0.6931471805599453,0,1.0,0.0,0,0,2.7
23.579072969624537,9,845.28,1,0,0.7071067811865476,-0.7071067811865475,2,1,555.9726821068784,3.2018953886026043,2,47.158145939249074,23.579072969624537,2,1,5.9
1.0,7,177.26,1,0,0.9659258262890683,-0.25881904510252063,2,2,1.0,0.6931471805599453,0,2.0,1.0,2,2,7.4
3.8465363338503886,17,261.96,1,0,-0.9659258262890683,-0.25881904510252063,2,2,14.795841767631188,1.5782642918481204,0,7.693072667700777,3.8465363338503886,2,2,7.4
29.969723831882856,0,396.44,0,1,0.0,1.0,1,1,898.1843465593272,3.433010076666788,3,29.969723831882856,0.0,0,0,2.7
30.079495401039896,1,529.5,0,1,0.25881904510252074,0.9659258262890683,1,3,904.7760435811803,3.4365482898798727,3,30.079495401039896,0.0,0,0,5.7
8.519972910552639,0,233.2,0,1,0.0,1.0,2,3,72.5899383965508,2.2533920032690404,1,17.039945821105277,0.0,0,0,6.9
9.992300803905247,0,304.38,0,1,0.0,1.0,3,3,99.84607535572543,2.3971951008174632,1,29.97690241171574,0.0,0,0,8.1
5.950146636228576,8,331.47,1,0,0.8660254037844387,-0.4999999999999998,3,1,35.40424499262223,1.9387627580920501,1,17.85043990868573,5.950146636228576,3,1,7.1
3.4702277874619702,12,89.93,0,0,1.2246467991473532e-16,-1.0,1,1,12.042480896873201,1.4974393664908552,0,3.4702277874619702,0.0,0,0,2.7
3.9848633455038973,0,136.32,0,1,0.0,1.0,1,3,15.879135882340513,1.6064059898994183,0,3.9848633455038973,0.0,0,0,5.7
11.163235799285063,12,283.85,0,0,1.2246467991473532e-16,-1.0,3,2,124.61783351043962,2.498417943054076,1,33.48970739785519,0.0,0,0,6.6
13.958378736630772,19,545.57,1,0,-0.9659258262890684,0.2588190451025203,2,1,194.83633695522607,2.7052715934536615,2,27.916757473261544,13.958378736630772,2,1,5.9
15.681954162211486,21,673.4,1,0,-0.7071067811865477,0.7071067811865474,3,1,245.92368634570215,2.8143275460762545,2,47.04586248663446,15.681954162211486,3,1,7.1
15.588310318487418,6,238.58,0,0,1.0,6.123233995736766e-17,1,1,242.9954185854613,2.808698249617365,2,15.588310318487418,0.0,0,0,2.7
1.0,1,92.0,0,1,0.25881904510252074,0.9659258262890683,2,3,1.0,0.6931471805599453,0,2.0,0.0,0,0,6.9
6.82049596573356,5,165.28,0,1,0.9659258262890683,0.25881904510252074,2,2,46.519165218587766,2.05674797527416,1,13.64099193146712,0.0,0,0,5.4
1.0,6,68.16,0,0,1.0,6.123233995736766e-17,2,1,1.0,0.6931471805599453,0,2.0,0.0,0,0,3.9
7.974613156953929,13,138.49,0,0,-0.2588190451025208,-0.9659258262890683,1,1,63.594455003062706,2.1943998311561566,1,7.974613156953929,0.0,0,0,2.7
5.825552749872836,17,291.49,1,0,-0.9659258262890683,-0.25881904510252063,1,2,33.93706484155096,1.9206733267839489,1,5.825552749872836,5.825552749872836,1,2,6.2
21.866186642208014,14,468.1,0,0,-0.4999999999999997,-0.8660254037844388,2,3,478.1301182718762,3.1296592535201233,2,43.73237328441603,0.0,0,0,6.9
4.321916194678851,1,112.3,0,1,0.25881904510252074,0.9659258262890683,1,1,18.67895959382732,1.6718334254715073,0,4.321916194678851,0.0,0,0,2.7
1.2450597755245087,9,148.56,1,0,0.7071067811865476,-0.7071067811865475,1,2,1.5501738446291402,0.8087321469085736,0,1.2450597755245087,1.2450597755245087,1,2,6.2
1.5430765454211937,22,112.35,0,1,-0.5000000000000004,0.8660254037844384,3,3,2.3810852250290053,0.9333745864278675,0,4.629229636263581,0.0,0,0,8.1
14.334305470790937,11,212.69,0,0,0.258819045102521,-0.9659258262890682,1,1,205.47231332994699,2.7300925060802474,2,14.334305470790937,0.0,0,0,2.7
9.62905679748035,16,264.58,0,0,-0.8660254037844385,-0.5000000000000004,3,2,92.71873480910254,2.363591458170656,1,28.88717039244105,0.0,0,0,6.6
1.0660871224538544,7,137.01,1,0,0.9659258262890683,-0.25881904510252063,1,1,1.1365417526619395,0.7256565394374977,0,1.0660871224538544,1.0660871224538544,1,1,4.7
1.0,10,173.39,1,0,0.49999999999999994,-0.8660254037844387,2,2,1.0,0.6931471805599453,0,2.0,1.0,2,2,7.4
12.072084716530998,2,290.71,0,1,0.49999999999999994,0.8660254037844387,3,2,145.73522940310133,2.570479018859422,2,36.216254149593,0.0,0,0,6.6
1.0,5,87.77,0,1,0.9659258262890683,0.25881904510252074,1,2,1.0,0.6931471805599453,0,1.0,0.0,0,0,4.2
17.251858538085813,8,643.35,1,0,0.8660254037844387,-0.4999999999999998,1,2,297.62662301812435,2.904266912546726,2,17.251858538085813,17.251858538085813,1,2,6.2
12.24999753130005,5,180.3,0,1,0.9659258262890683,0.25881904510252074,1,1,150.06243951685732,2.5839973661152364,2,12.24999753130005,0.0,0,0,2.7
1.0,8,153.36,1,0,0.8660254037844387,-0.4999999999999998,1,3,1.0,0.6931471805599453,0,1.0,1.0,1,3,7.7
1.0,6,89.49,0,0,1.0,6.123233995736766e-17,2,2,1.0,0.6931471805599453,0,2.0,0.0,0,0,5.4
40.0,8,1522.91,1,0,0.8660254037844387,-0.4999999999999998,3,1,1600.0,3.713572066704308,4,120.0,40.0,3,1,7.1
4.688375825522896,17,261.82,1,0,-0.9659258262890683,-0.25881904510252063,1,2,21.980867881347496,1.7384247637223544,0,4.688375825522896,4.688375825522896,1,2,6.2
4.630552604753125,11,134.57,0,0,0.258819045102521,-0.9659258262890682,1,2,21.44201742538595,1.7282075909322077,0,4.630552604753125,0.0,0,0,4.2
16.755754032826772,7,535.99,1,0,0.9659258262890683,-0.25881904510252063,1,1,280.7552932085906,2.876709634252883,2,16.755754032826772,16.755754032826772,1,1,4.7
29.421645379632437,7,1256.22,1,0,0.9659258262890683,-0.25881904510252063,2,3,865.6332168448467,3.4151543741137167,3,58.843290759264875,29.421645379632437,2,3,8.9
40.0,17,1421.45,1,0,-0.9659258262890683,-0.25881904510252063,1,3,1600.0,3.713572066704308,4,40.0,40.0,1,3,7.7
13.998992301163417,19,555.48,1,0,-0.9659258262890684,0.2588190451025203,2,1,195.97178544803262,2.707983018923099,2,27.997984602326834,13.998992301163417,2,1,5.9
4.720209996191256,14,167.21,0,0,-0.4999999999999997,-0.8660254037844388,2,3,22.280382408143858,1.7440055173386637,0,9.440419992382513,0.0,0,0,6.9
1.0,6,52.44,0,0,1.0,6.123233995736766e-17,2,1,1.0,0.6931471805599453,0,2.0,0.0,0,0,3.9
15.012425404546256,10,479.13,1,0,0.49999999999999994,-0.8660254037844387,1,1,225.37291652706583,2.7733650086356554,2,15.012425404546256,15.012425404546256,1,1,4.7
8.17360407561493,19,363.76,1,0,-0.9659258262890684,0.2588190451025203,2,1,66.807803584909,2.216330238018362,1,16.34720815122986,8.17360407561493,2,1,5.9
5.520331253049737,15,150.72,0,0,-0.7071067811865471,-0.7071067811865479,1,3,30.474057143397683,1.8749251803304716,1,5.520331253049737,0.0,0,0,5.7
23.682376754780904,3,397.38,0,1,0.7071067811865476,0.7071067811865476,1,2,560.854968755387,3.2060894972683096,2,23.682376754780904,0.0,0,0,4.2
1.1788020797188024,5,76.52,0,1,0.9659258262890683,0.25881904510252074,3,1,1.3895743431493737,0.778775221051804,0,3.536406239156407,0.0,0,0,5.1
6.7850510937295425,21,322.26,1,0,-0.7071067811865477,0.7071067811865474,2,1,46.03691834452046,2.052205368363916,1,13.570102187459085,6.7850510937295425,2,1,5.9
1.0,2,81.79,0,1,0.49999999999999994,0.8660254037844387,1,2,1.0,0.6931471805599453,0,1.0,0.0,0,0,4.2
6.323543695829263,8,251.34,1,0,0.8660254037844387,-0.4999999999999998,1,1,39.98720487306201,1.991094322281162,1,6.323543695829263,6.323543695829263,1,1,4.7
1.0,9,173.41,1,0,0.7071067811865476,-0.7071067811865475,1,3,1.0,0.6931471805599453,0,1.0,1.0,1,3,7.7
1.2649099593117121,13,82.7,0,0,-0.2588190451025208,-0.9659258262890683,1,3,1.5999972051659572,0.8175350050815616,0,1.2649099593117121,0.0,0,0,5.7
1.2502623200745626,10,135.81,1,0,0.49999999999999994,-0.8660254037844387,1,2,1.5631558689982281,0.8110467961204333,0,1.2502623200745626,1.2502623200745626,1,2,6.2
10.475683864069715,17,459.58,1,0,-0.9659258262890683,-0.25881904510252063,1,3,109.7399524199306,2.4402303501681986,1,10.475683864069715,10.475683864069715,1,3,7.7
13.705977175964728,21,461.81,1,0,-0.7071067811865477,0.7071067811865474,1,1,187.85381034806605,2.688254021750844,2,13.705977175964728,13.705977175964728,1,1,4.7
8.755537772028685,11,226.98,0,0,0.258819045102521,-0.9659258262890682,2,3,76.65944167742103,2.277835100390413,1,17.51107554405737,0.0,0,0,6.9
32.74720209102377,22,607.83,0,1,-0.5000000000000004,0.8660254037844384,2,2,1072.3792447903518,3.5188975128753572,3,65.49440418204755,0.0,0,0,5.4
4.697965779202672,11,146.74,0,0,0.258819045102521,-0.9659258262890682,2,2,22.07088246255937,1.7401092303017451,0,9.395931558405344,0.0,0,0,5.4
3.364691574205587,12,78.93,0,0,1.2246467991473532e-16,-1.0,1,1,11.321149389530072,1.4735475279647776,0,3.364691574205587,0.0,0,0,2.7
20.295025381702295,12,495.51,0,0,1.2246467991473532e-16,-1.0,3,3,411.8880552439404,3.058473495283473,2,60.885076145106886,0.0,0,0,8.1
2.530820677318534,18,195.83,1,0,-1.0,-1.8369701987210297e-16,3,1,6.4050533007430435,1.2615303304169112,0,7.592462031955602,2.530820677318534,3,1,7.1
33.028701062519104,18,1276.48,1,0,-1.0,-1.8369701987210297e-16,3,1,1090.8950938772507,3.5272043174204843,3,99.08610318755731,33.028701062519104,3,1,7.1
1.0,22,51.08,0,1,-0.5000000000000004,0.8660254037844384,3,1,1.0,0.6931471805599453,0,3.0,0.0,0,0,5.1
35.02526922879482,13,725.07,0,0,-0.2588190451025208,-0.9659258262890683,3,2,1226.7694845495612,3.5842206152454414,4,105.07580768638445,0.0,0,0,6.6
1.0,3,75.38,0,1,0.7071067811865476,0.7071067811865476,2,2,1.0,0.6931471805599453,0,2.0,0.0,0,0,5.4
22.17721229160009,12,375.04,0,0,1.2246467991473532e-16,-1.0,1,2,491.8287450266981,3.1431695671590965,2,22.17721229160009,0.0,0,0,4.2
7.501432503493904,7,426.84,1,0,0.9659258262890683,-0.25881904510252063,2,3,56.271489604474816,2.1402346791195277,1,15.002865006987808,7.501432503493904,2,3,8.9
40.0,22,605.68,0,1,-0.5000000000000004,0.8660254037844384,2,1,1600.0,3.713572066704308,4,80.0,0.0,0,0,3.9
1.0,20,180.8,1,0,-0.8660254037844386,0.5000000000000001,2,2,1.0,0.6931471805599453,0,2.0,1.0,2,2,7.4
8.071096637333488,22,148.44,0,1,-0.5000000000000004,0.8660254037844384,2,1,65.14260092917594,2.2050931650137717,1,16.142193274666976,0.0,0,0,3.9
34.83575221256005,18,1274.22,1,0,-1.0,-1.8369701987210297e-16,1,3,1213.5296322148827,3.578946060227669,3,34.83575221256005,34.83575221256005,1,3,7.7
7.40443933181044,11,176.87,0,0,0.258819045102521,-0.9659258262890682,1,3,54.82572181846143,2.128760058128812,1,7.40443933181044,0.0,0,0,5.7
9.926282903811874,17,544.06,1,0,-0.9659258262890683,-0.25881904510252063,3,2,98.53109228650789,2.391171162354028,1,29.77884871143562,9.926282903811874,3,2,8.6
11.899012381167742,5,267.37,0,1,0.9659258262890683,0.25881904510252074,2,2,141.5864956471832,2.557150748837391,1,23.798024762335483,0.0,0,0,5.4
6.061277556769509,17,311.26,1,0,-0.9659258262890683,-0.25881904510252063,2,1,36.73908562019775,1.9546259921839042,1,12.122555113539018,6.061277556769509,2,1,5.9
9.876741730080221,18,352.33,1,0,-1.0,-1.8369701987210297e-16,1,1,97.55002720270804,2.3866267232384866,1,9.876741730080221,9.876741730080221,1,1,4.7
8.778258618057556,21,399.64,1,0,-0.7071067811865477,0.7071067811865474,1,3,77.05782436550176,2.2801614127796412,1,8.778258618057556,8.778258618057556,1,3,7.7
23.142327694826474,4,424.94,0,1,0.8660254037844386,0.5000000000000001,3,1,535.5673311347324,3.1839666358272116,2,69.42698308447942,0.0,0,0,5.1
1.0,23,53.13,0,1,-0.25881904510252157,0.9659258262890681,2,1,1.0,0.6931471805599453,0,2.0,0.0,0,0,3.9
3.2984272589875845,8,203.02,1,0,0.8660254037844387,-0.4999999999999998,2,1,10.87962238283235,1.458249202071492,0,6.596854517975169,3.2984272589875845,2,1,5.9
30.03996005860931,2,527.28,0,1,0.49999999999999994,0.8660254037844387,1,3,902.3992003228427,3.4352754085425827,3,30.03996005860931,0.0,0,0,5.7
22.09675828453486,9,786.73,1,0,0.7071067811865476,-0.7071067811865475,2,1,488.26672668516,3.1396922736771904,2,44.19351656906972,22.09675828453486,2,1,5.9
6.0817526195962,18,247.48,1,0,-1.0,-1.8369701987210297e-16,1,1,36.98771492596524,1.9575214222120918,1,6.0817526195962,6.0817526195962,1,1,4.7
9.679330287389773,2,231.94,0,1,0.49999999999999994,0.8660254037844387,2,2,93.68943481238098,2.3683101243926297,1,19.358660574779545,0.0,0,0,5.4
3.2487341989513014,21,235.51,1,0,-0.7071067811865477,0.7071067811865474,1,3,10.554273895435754,1.446621103033642,0,3.2487341989513014,3.2487341989513014,1,3,7.7
2.084041614360645,14,59.56,0,0,-0.4999999999999997,-0.8660254037844388,1,1,4.343229450386923,1.1262409492419012,0,2.084041614360645,0.0,0,0,2.7
6.230585988040987,0,139.95,0,1,0.0,1.0,2,1,38.82020175437268,1.9783200824079132,1,12.461171976081975,0.0,0,0,3.9
4.359535346167334,6,122.05,0,0,1.0,6.123233995736766e-17,3,1,19.005548434482336,1.6788772821771039,0,13.078606038502002,0.0,0,0,5.1
8.76243706006643,11,130.38,0,0,0.258819045102521,-0.9659258262890682,1,1,76.78030323162562,2.278542068032748,1,8.76243706006643,0.0,0,0,2.7
1.0,16,74.96,0,0,-0.8660254037844385,-0.5000000000000004,3,1,1.0,0.6931471805599453,0,3.0,0.0,0,0,5.1
36.64960122522567,20,1238.56,1,0,-0.8660254037844386,0.5000000000000001,1,2,1343.193269968063,3.6283223625623386,4,36.64960122522567,36.64960122522567,1,2,6.2
40.0,23,644.73,0,1,-0.25881904510252157,0.9659258262890681,1,2,1600.0,3.713572066704308,4,40.0,0.0,0,0,4.2
11.978638819127895,19,483.14,1,0,-0.9659258262890684,0.2588190451025203,1,2,143.48778795911772,2.5633048382213253,1,11.978638819127895,11.978638819127895,1,2,6.2
7.680784344120899,4,125.84,0,1,0.8660254037844386,0.5000000000000001,1,1,58.99444814089271,2.161111886815749,1,7.680784344120899,0.0,0,0,2.7
3.7037930155436,3,142.55,0,1,0.7071067811865476,0.7071067811865476,2,3,13.718082701989553,1.548369207830514,0,7.4075860310872,0.0,0,0,6.9
16.809071674879966,11,248.14,0,0,0.258819045102521,-0.9659258262890682,1,1,282.544890571252,2.8797079721294874,2,16.809071674879966,0.0,0,0,2.7
11.543295836488156,19,497.44,1,0,-0.9659258262890684,0.2588190451025203,1,3,133.24767876868478,2.529186326548353,1,11.543295836488156,11.543295836488156,1,3,7.7
1.7747365410048839,23,104.58,0,1,-0.25881904510252157,0.9659258262890681,3,2,3.14968978997798,1.0205558025128736,0,5.324209623014651,0.0,0,0,6.6
24.183010919991276,17,741.17,1,0,-0.9659258262890683,-0.25881904510252063,1,1,584.8180171564172,3.226169597321084,2,24.183010919991276,24.183010919991276,1,1,4.7
17.289945113672715,16,343.37,0,0,-0.8660254037844385,-0.5000000000000004,2,2,298.942202033815,2.9063514615055825,2,34.57989022734543,0.0,0,0,5.4
29.917385250334362,18,891.72,1,0,-1.0,-1.8369701987210297e-16,1,1,895.049940216924,3.431318655147746,3,29.917385250334362,29.917385250334362,1,1,4.7
12.936040041961343,8,589.54,1,0,0.8660254037844387,-0.4999999999999998,2,2,167.34113196722723,2.6344782933810866,2,25.872080083922686,12.936040041961343,2,2,7.4
9.504040195913728,3,163.67,0,1,0.7071067811865476,0.7071067811865476,1,1,90.32678004554384,2.351759963717633,1,9.504040195913728,0.0,0,0,2.7
5.417025065931133,20,238.8,1,0,-0.8660254037844386,0.5000000000000001,1,1,29.3441605649262,1.8589546249367088,1,5.417025065931133,5.417025065931133,1,1,4.7
26.99018361547118,1,488.28,0,1,0.25881904510252074,0.9659258262890683,1,3,728.4700115968491,3.3318538635441155,3,26.99018361547118,0.0,0,0,5.7
20.1039238004692,3,274.6,0,1,0.7071067811865476,0.7071067811865476,1,1,404.167752175072,3.0494589853007565,2,20.1039238004692,0.0,0,0,2.7
1.0,1,91.96,0,1,0.25881904510252074,0.9659258262890683,1,3,1.0,0.6931471805599453,0,1.0,0.0,0,0,5.7
1.0,14,63.27,0,0,-0.4999999999999997,-0.8660254037844388,2,1,1.0,0.6931471805599453,0,2.0,0.0,0,0,3.9
4.723477615832628,1,157.65,0,1,0.25881904510252074,0.9659258262890683,3,2,22.311240787271892,1.7445765954458194,0,14.170432847497885,0.0,0,0,6.6
16.63647722996086,3,393.5,0,1,0.7071067811865476,0.7071067811865476,3,2,276.77237462300616,2.8699693271182847,2,49.90943168988258,0.0,0,0,6.6
40.0,5,733.12,0,1,0.9659258262890683,0.25881904510252074,2,2,1600.0,3.713572066704308,4,80.0,0.0,0,0,5.4
1.630095099344797,6,53.05,0,0,1.0,6.123233995736766e-17,1,1,2.657210032907923,0.967020004982627,0,1.630095099344797,0.0,0,0,2.7
9.017241302157357,9,332.65,1,0,0.7071067811865476,-0.7071067811865475,1,1,81.31064070133252,2.3043077386034723,1,9.017241302157357,9.017241302157357,1,1,4.7
4.794736997580961,18,215.52,1,0,-1.0,-1.8369701987210297e-16,1,1,22.98950287597169,1.7569500913926954,0,4.794736997580961,4.794736997580961,1,1,4.7
35.03708554375962,18,1057.07,1,0,-1.0,-1.8369701987210297e-16,1,1,1227.5973634007296,3.5845485622049322,4,35.03708554375962,35.03708554375962,1,1,4.7
18.459132074336345,21,786.77,1,0,-0.7071067811865477,0.7071067811865474,2,2,340.7395569377928,2.9683164752666364,2,36.91826414867269,18.459132074336345,2,2,7.4
18.22190046469857,11,406.13,0,0,0.258819045102521,-0.9659258262890682,2,3,332.037656545382,2.9560502781907534,2,36.44380092939714,0.0,0,0,6.9
6.324155711397736,2,170.04,0,1,0.49999999999999994,0.8660254037844387,1,3,39.9949454620046,1.9911778870174135,1,6.324155711397736,0.0,0,0,5.7
5.35834936327349,12,145.79,0,0,1.2246467991473532e-16,-1.0,1,2,28.711907898893415,1.8497688095907387,1,5.35834936327349,0.0,0,0,4.2
3.193888921500612,17,275.41,1,0,-0.9659258262890683,-0.25881904510252063,3,2,10.200926442884343,1.4336284470313791,0,9.581666764501836,3.193888921500612,3,2,8.6
1.0,7,163.41,1,0,0.9659258262890683,-0.25881904510252063,2,2,1.0,0.6931471805599453,0,2.0,1.0,2,2,7.4
20.0042614000331,20,636.87,1,0,-0.8660254037844386,0.5000000000000001,1,1,400.17047416085427,3.0447253409482715,2,20.0042614000331,20.0042614000331,1,1,4.7
16.76117439249923,14,426.4,0,0,-0.4999999999999997,-0.8660254037844388,3,3,280.93696701577187,2.8770148610816015,2,50.283523177497685,0.0,0,0,8.1
40.0,0,815.12,0,1,0.0,1.0,3,2,1600.0,3.713572066704308,4,120.0,0.0,0,0,6.6
40.0,2,623.48,0,1,0.49999999999999994,0.8660254037844387,1,2,1600.0,3.713572066704308,4,40.0,0.0,0,0,4.2
8.10651592641394,7,321.11,1,0,0.9659258262890683,-0.25881904510252063,1,1,65.71560046520285,2.208990193161091,1,8.10651592641394,8.10651592641394,1,1,4.7
14.652830902062608,3,249.26,0,1,0.7071067811865476,0.7071067811865476,2,1,214.70545344444088,2.750651788938554,2,29.305661804125215,0.0,0,0,3.9
28.961716828744358,15,499.09,0,0,-0.7071067811865471,-0.7071067811865479,3,1,838.7810416683741,3.399920461037391,3,86.88515048623307,0.0,0,0,5.1
18.947720147092458,22,470.27,0,1,-0.5000000000000004,0.8660254037844384,3,3,359.01609877253344,2.993114858464375,2,56.84316044127738,0.0,0,0,8.1
2.8415244458114652,9,209.01,1,0,0.7071067811865476,-0.7071067811865475,1,2,8.074261176144155,1.3458692789162552,0,2.8415244458114652,2.8415244458114652,1,2,6.2
5.988268273998645,11,109.51,0,0,0.258819045102521,-0.9659258262890682,1,1,35.85935692137871,1.9442327822044327,1,5.988268273998645,0.0,0,0,2.7
1.3829634431308866,13,90.96,0,0,-0.2588190451025208,-0.9659258262890683,2,3,1.912587885036437,0.8683448573069029,0,2.765926886261773,0.0,0,0,6.9
30.802237864417087,13,473.68,0,0,-0.2588190451025208,-0.9659258262890683,2,1,948.7778574561297,3.4595366604049382,3,61.604475728834174,0.0,0,0,3.9
9.318477025886182,1,161.49,0,1,0.25881904510252074,0.9659258262890683,1,1,86.83401408196858,2.3339361741521243,1,9.318477025886182,0.0,0,0,2.7
2.596037254184837,22,101.63,0,1,-0.5000000000000004,0.8660254037844384,3,1,6.739409425115548,1.2798324764513827,0,7.788111762554511,0.0,0,0,5.1
11.138295391732502,4,246.22,0,1,0.8660254037844386,0.5000000000000001,2,2,124.06162423348948,2.4963653632299607,1,22.276590783465004,0.0,0,0,5.4
9.626704347430717,4,293.26,0,1,0.8660254037844386,0.5000000000000001,3,3,92.67343659284147,2.363370111116255,1,28.88011304229215,0.0,0,0,8.1
4.434204622971061,5,122.88,0,1,0.9659258262890683,0.25881904510252074,3,1,19.662170638377926,1.692713166344331,0,13.302613868913182,0.0,0,0,5.1
1.2053912139846927,12,109.29,0,0,1.2246467991473532e-16,-1.0,2,3,1.4529679787514913,0.7909049144697611,0,2.4107824279693855,0.0,0,0,6.9
11.134412835191021,8,395.22,1,0,0.8660254037844387,-0.4999999999999998,1,1,123.97514918446656,2.4960454519503212,1,11.134412835191021,11.134412835191021,1,1,4.7
7.3461042418603775,21,410.58,1,0,-0.7071067811865477,0.7071067811865474,2,3,53.96524753227903,2.121794872129748,1,14.692208483720755,7.3461042418603775,2,3,8.9
14.79807080960515,14,284.67,0,0,-0.4999999999999997,-0.8660254037844388,1,2,218.98289968608802,2.759887831920127,2,14.79807080960515,0.0,0,0,4.2
7.343098604235151,13,209.89,0,0,-0.2588190451025208,-0.9659258262890683,2,3,53.921097111520226,2.121434682648508,1,14.686197208470302,0.0,0,0,6.9
19.11770111308484,23,274.03,0,1,-0.25881904510252157,0.9659258262890681,1,1,365.4864958492454,3.0016000799105056,2,19.11770111308484,0.0,0,0,2.7
8.027541190214876,6,211.0,0,0,1.0,6.123233995736766e-17,2,3,64.44141756059646,2.2002800369078757,1,16.055082380429752,0.0,0,0,6.9
8.231145809801472,19,371.52,1,0,-0.9659258262890684,0.2588190451025203,1,2,67.75176134221233,2.2225831805501985,1,8.231145809801472,8.231145809801472,1,2,6.2
20.927586432297716,1,299.95,0,1,0.25881904510252074,0.9659258262890683,1,1,437.9638738812914,3.0877454985662305,2,20.927586432297716,0.0,0,0,2.7
5.1664731398811705,6,163.68,0,0,1.0,6.123233995736766e-17,1,3,26.6924447051136,1.819127060201749,1,5.1664731398811705,0.0,0,0,5.7
1.4388795539029895,5,68.47,0,1,0.9659258262890683,0.25881904510252074,1,1,2.070374370640066,0.891538734620775,0,1.4388795539029895,0.0,0,0,2.7
1.0,16,100.11,0,0,-0.8660254037844385,-0.5000000000000004,2,3,1.0,0.6931471805599453,0,2.0,0.0,0,0,6.9
14.070574526625856,1,227.82,0,1,0.25881904510252074,0.9659258262890683,2,1,197.98106750933243,2.7127441357754014,2,28.141149053251713,0.0,0,0,3.9
9.683989670606795,2,227.67,0,1,0.49999999999999994,0.8660254037844387,2,2,93.7796559404191,2.3687463284376995,1,19.36797934121359,0.0,0,0,5.4
12.176653477978764,4,228.2,0,1,0.8660254037844386,0.5000000000000001,1,2,148.27088992277234,2.578446587727671,2,12.176653477978764,0.0,0,0,4.2
2.3948149349344345,4,70.62,0,1,0.8660254037844386,0.5000000000000001,1,1,5.73513857258502,1.2222492484599097,0,2.3948149349344345,0.0,0,0,2.7
1.4661255122827865,0,47.86,0,1,0.0,1.0,1,1,2.1495240177664634,0.9026483005608016,0,1.4661255122827865,0.0,0,0,2.7
1.0,7,115.32,1,0,0.9659258262890683,-0.25881904510252063,1,1,1.0,0.6931471805599453,0,1.0,1.0,1,1,4.7
4.316872615150692,11,115.21,0,0,0.258819045102521,-0.9659258262890682,3,1,18.635389175437975,1.670885276204489,0,12.950617845452076,0.0,0,0,5.1
8.913973756649446,23,142.58,0,1,-0.25881904510252157,0.9659258262890681,1,1,79.45892813423504,2.2939452524947623,1,8.913973756649446,0.0,0,0,2.7
4.979818675611507,3,125.0,0,1,0.7071067811865476,0.7071067811865476,1,2,24.798594041969142,1.7883902456987293,0,4.979818675611507,0.0,0,0,4.2
5.753195628284312,12,107.95,0,0,1.2246467991473532e-16,-1.0,1,1,33.099259937309725,1.9100158192660026,1,5.753195628284312,0.0,0,0,2.7
23.450615229814417,22,323.7,0,1,-0.5000000000000004,0.8660254037844384,1,1,549.9313546568039,3.1966553783778995,2,23.450615229814417,0.0,0,0,2.7
4.2810261442511175,14,117.15,0,0,-0.4999999999999997,-0.8660254037844388,2,2,18.32718484776159,1.664120424337635,0,8.562052288502235,0.0,0,0,5.4
7.215250280723211,10,308.52,1,0,0.49999999999999994,-0.8660254037844387,2,1,52.05983661347638,2.105992217333507,1,14.430500561446422,7.215250280723211,2,1,5.9
15.308717377197016,9,622.89,1,0,0.7071067811865476,-0.7071067811865475,1,3,234.3568277348939,2.791699773270658,2,15.308717377197016,15.308717377197016,1,3,7.7
5.050801312991798,2,144.81,0,1,0.49999999999999994,0.8660254037844387,1,3,25.510593903319666,1.8001907117006277,1,5.050801312991798,0.0,0,0,5.7
9.730904753530854,21,414.88,1,0,-0.7071067811865477,0.7071067811865474,1,2,94.69050732228938,2.3731278730814322,1,9.730904753530854,9.730904753530854,1,2,6.2
19.831406436843068,13,337.35,0,0,-0.2588190451025208,-0.9659258262890683,1,2,393.28468126326067,3.036461772765154,2,19.831406436843068,0.0,0,0,4.2
29.86190415374668,15,533.52,0,0,-0.7071067811865471,-0.7071067811865479,1,3,891.7333196875531,3.4295225480044613,3,29.86190415374668,0.0,0,0,5.7
1.5908187931483597,9,173.85,1,0,0.7071067811865476,-0.7071067811865475,3,1,2.530704432634004,0.9519739621015976,0,4.772456379445079,1.5908187931483597,3,1,7.1
26.116627630420787,9,908.54,1,0,0.7071067811865476,-0.7071067811865475,2,1,682.0782387860585,3.3001471054293656,3,52.233255260841574,26.116627630420787,2,1,5.9
6.775027809955306,11,147.6,0,0,0.258819045102521,-0.9659258262890682,2,1,45.90100182566779,2.050917034902027,1,13.550055619910612,0.0,0,0,3.9
2.9873545435139577,8,208.43,1,0,0.8660254037844387,-0.4999999999999998,1,2,8.924287168653487,1.3831279893299984,0,2.9873545435139577,2.9873545435139577,1,2,6.2
6.145869673706975,0,118.13,0,1,0.0,1.0,1,1,37.77171404619108,1.9665345217784553,1,6.145869673706975,0.0,0,0,2.7
39.13653097580592,4,714.89,0,1,0.8660254037844386,0.5000000000000001,2,2,1531.6680568202162,3.6922869165095804,4,78.27306195161184,0.0,0,0,5.4
6.784912926673598,19,418.68,1,0,-0.9659258262890684,0.2588190451025203,2,3,46.035043422542486,2.052187620467291,1,13.569825853347195,6.784912926673598,2,3,8.9
3.9861603210049976,7,302.34,1,0,0.9659258262890683,-0.25881904510252063,2,3,15.889474104754665,1.6066661388172814,0,7.972320642009995,3.9861603210049976,2,3,8.9
10.034862739576596,10,418.76,1,0,0.49999999999999994,-0.8660254037844387,1,2,100.6984702021427,2.4010596009885297,1,10.034862739576596,10.034862739576596,1,2,6.2
2.7462846771560296,11,90.47,0,0,0.258819045102521,-0.9659258262890682,2,1,7.542079527981998,1.3207645961040009,0,5.492569354312059,0.0,0,0,3.9
1.0,0,70.1,0,1,0.0,1.0,1,3,1.0,0.6931471805599453,0,1.0,0.0,0,0,5.7
1.3797521971241586,21,205.19,1,0,-0.7071067811865477,0.7071067811865474,3,2,1.9037161254689432,0.8669963634072435,0,4.139256591372476,1.3797521971241586,3,2,8.6
1.3701842406700713,19,148.6,1,0,-0.9659258262890684,0.2588190451025203,2,1,1.8774048533806198,0.8629676908049002,0,2.7403684813401425,1.3701842406700713,2,1,5.9
1.6475990155667297,10,155.71,1,0,0.49999999999999994,-0.8660254037844387,2,1,2.7145825160964567,0.9736531974415651,0,3.2951980311334594,1.6475990155667297,2,1,5.9
1.4946006606751654,4,88.25,0,1,0.8660254037844386,0.5000000000000001,1,3,2.233831134890641,0.9141286605515617,0,1.4946006606751654,0.0,0,0,5.7
10.240840510758066,14,227.73,0,0,-0.4999999999999997,-0.8660254037844388,2,2,104.87481436678351,2.419553620206964,1,20.48168102151613,0.0,0,0,5.4
2.0074635703448163,4,92.6,0,1,0.8660254037844386,0.5000000000000001,1,3,4.029909986261557,1.1010970558572803,0,2.0074635703448163,0.0,0,0,5.7
4.241393157948052,11,134.58,0,0,0.258819045102521,-0.9659258262890682,1,3,17.989415920288554,1.6565873328332434,0,4.241393157948052,0.0,0,0,5.7
22.709741251283578,4,375.71,0,1,0.8660254037844386,0.5000000000000001,1,2,515.732347700251,3.1658859869550744,2,22.709741251283578,0.0,0,0,4.2
6.423811416465936,16,186.78,0,0,-0.8660254037844385,-0.5000000000000004,2,2,41.265353114318096,2.0046925932843718,1,12.847622832931872,0.0,0,0,5.4
11.012890836523805,16,151.03,0,0,-0.8660254037844385,-0.5000000000000004,1,1,121.28376457719,2.4859803095859716,1,11.012890836523805,0.0,0,0,2.7
1.8912851711321648,23,60.11,0,1,-0.25881904510252157,0.9659258262890681,1,1,3.5769595985444216,1.0617010991699083,0,1.8912851711321648,0.0,0,0,2.7
2.1355098099509506,11,86.2,0,0,0.258819045102521,-0.9659258262890682,3,1,4.560402148396745,1.1427917796680105,0,6.406529429852852,0.0,0,0,5.1
1.0,23,76.06,0,1,-0.25881904510252157,0.9659258262890681,1,2,1.0,0.6931471805599453,0,1.0,0.0,0,0,4.2
1.8504734406558088,14,89.56,0,0,-0.4999999999999997,-0.8660254037844388,2,2,3.424251954572547,1.0474851000125922,0,3.7009468813116175,0.0,0,0,5.4
3.2654811863114555,14,127.62,0,0,-0.4999999999999997,-0.8660254037844388,1,3,10.66336737815407,1.4505549966925917,0,3.2654811863114555,0.0,0,0,5.7
1.9481181748310794,5,52.23,0,1,0.9659258262890683,0.25881904510252074,1,1,3.795164423107176,1.0811670599656718,0,1.9481181748310794,0.0,0,0,2.7
1.0,11,78.27,0,0,0.258819045102521,-0.9659258262890682,2,2,1.0,0.6931471805599453,0,2.0,0.0,0,0,5.4
1.2855621349335253,19,159.9,1,0,-0.9659258262890684,0.2588190451025203,1,2,1.6526700027748435,0.8266120050022729,0,1.2855621349335253,1.2855621349335253,1,2,6.2
6.176293433653791,17,312.92,1,0,-0.9659258262890683,-0.25881904510252063,1,2,38.14660057859494,1.9707830148978775,1,6.176293433653791,6.176293433653791,1,2,6.2
2.310922063450966,13,93.28,0,0,-0.2588190451025208,-0.9659258262890683,2,2,5.340360783344471,1.1972267196142454,0,4.621844126901932,0.0,0,0,5.4
4.5298111551091855,1,129.67,0,1,0.25881904510252074,0.9659258262890683,2,1,20.519189100951614,1.7101536657846348,0,9.059622310218371,0.0,0,0,3.9
7.000051847143304,8,372.09,1,0,0.8660254037844387,-0.4999999999999998,2,2,49.00072586269438,2.079448022551748,1,14.000103694286608,7.000051847143304,2,2,7.4
11.724574340125422,4,170.2,0,1,0.8660254037844386,0.5000000000000001,1,1,137.46564345712747,2.5435351111993336,1,11.724574340125422,0.0,0,0,2.7
1.0,19,121.02,1,0,-0.9659258262890684,0.2588190451025203,1,1,1.0,0.6931471805599453,0,1.0,1.0,1,1,4.7
16.064942438261195,0,264.91,0,1,0.0,1.0,2,1,258.0823755446455,2.8370262092654452,2,32.12988487652239,0.0,0,0,3.9
9.885936903672963,22,225.98,0,1,-0.5000000000000004,0.8660254037844384,2,2,97.73174846340298,2.387471763896824,1,19.771873807345926,0.0,0,0,5.4
1.0,2,112.93,0,1,0.49999999999999994,0.8660254037844387,3,3,1.0,0.6931471805599453,0,3.0,0.0,0,0,8.1
20.681346984880907,5,449.82,0,1,0.9659258262890683,0.25881904510252074,3,2,427.7181131090426,3.076452304940373,2,62.044040954642725,0.0,0,0,6.6
25.36693546378928,4,536.13,0,1,0.8660254037844386,0.5000000000000001,3,2,643.4814148240501,3.27211078063467,3,76.10080639136784,0.0,0,0,6.6
1.0,20,141.42,1,0,-0.8660254037844386,0.5000000000000001,1,2,1.0,0.6931471805599453,0,1.0,1.0,1,2,6.2
3.2417684312865083,4,112.9,0,1,0.8660254037844386,0.5000000000000001,1,2,10.509062562085788,1.4449802651395833,0,3.2417684312865083,0.0,0,0,4.2
16.409351832266424,0,268.02,0,1,0.0,1.0,2,1,269.26682755510546,2.857007523464222,2,32.81870366453285,0.0,0,0,3.9
13.793572402143084,16,218.32,0,0,-0.8660254037844385,-0.5000000000000004,1,1,190.26263961316334,2.694192789283253,2,13.793572402143084,0.0,0,0,2.7
2.039796320618005,18,154.68,1,0,-1.0,-1.8369701987210297e-16,1,1,4.160769029606751,1.1117905133768349,0,2.039796320618005,2.039796320618005,1,1,4.7
2.3489903118153324,13,90.91,0,0,-0.2588190451025208,-0.9659258262890683,3,1,5.517755485002293,1.2086589009489201,0,7.046970935445997,0.0,0,0,5.1
4.6278511002436975,11,126.91,0,0,0.258819045102521,-0.9659258262890682,3,1,21.4170058060268,1.7277276819447414,0,13.883553300731093,0.0,0,0,5.1
6.6266256466861435,9,271.17,1,0,0.7071067811865476,-0.7071067811865475,1,1,43.912167461318546,2.0316454993350734,1,6.6266256466861435,6.6266256466861435,1,1,4.7
9.63001834058552,19,351.29,1,0,-0.9659258262890684,0.2588190451025203,1,1,92.7372532400135,2.3636819177131887,1,9.63001834058552,9.63001834058552,1,1,4.7
4.603125630003512,20,275.81,1,0,-0.8660254037844386,0.5000000000000001,1,3,21.18876556559523,1.7233245902492371,0,4.603125630003512,4.603125630003512,1,3,7.7
6.208911092209176,17,332.93,1,0,-0.9659258262890683,-0.25881904510252063,3,1,38.55057695095814,1.9753179124582199,1,18.626733276627526,6.208911092209176,3,1,7.1
13.762289403898425,23,258.13,0,1,-0.25881904510252157,0.9659258262890681,3,1,189.40060963665488,2.692075915809426,2,41.28686821169528,0.0,0,0,5.1
1.0,10,99.32,1,0,0.49999999999999994,-0.8660254037844387,1,1,1.0,0.6931471805599453,0,1.0,1.0,1,1,4.7
2.909366218823972,1,108.33,0,1,0.25881904510252074,0.9659258262890683,1,2,8.464411795234097,1.3633752684865004,0,2.909366218823972,0.0,0,0,4.2
12.494918749560258,17,556.83,1,0,-0.9659258262890683,-0.25881904510252063,3,1,156.12299455811248,2.602313225670832,2,37.484756248680775,12.494918749560258,3,1,7.1
22.557667543306135,6,310.74,0,0,1.0,6.123233995736766e-17,1,1,508.848364994327,3.159451353173924,2,22.557667543306135,0.0,0,0,2.7
7.167791122084008,23,188.13,0,1,-0.25881904510252157,0.9659258262890681,2,2,51.377229569826326,2.1001985078228413,1,14.335582244168016,0.0,0,0,5.4
7.5952950235306895,14,163.86,0,0,-0.4999999999999997,-0.8660254037844388,3,1,57.688506494470055,2.1512149632638367,1,22.78588507059207,0.0,0,0,5.1
1.1336133854066337,10,112.6,1,0,0.49999999999999994,-0.8660254037844387,1,1,1.285079307573089,0.7578169674911448,0,1.1336133854066337,1.1336133854066337,1,1,4.7
5.9314324608355085,17,285.4,1,0,-0.9659258262890683,-0.25881904510252063,2,1,35.18189103745318,1.9360664961466887,1,11.862864921671017,5.9314324608355085,2,1,5.9
7.6060679905529,22,142.22,0,1,-0.5000000000000004,0.8660254037844384,1,1,57.85227027691342,2.152467534751561,1,7.6060679905529,0.0,0,0,2.7
2.7769280326065333,11,63.97,0,0,0.258819045102521,-0.9659258262890682,1,1,7.711329298275992,1.3289109894334936,0,2.7769280326065333,0.0,0,0,2.7
3.1367461187854384,5,79.92,0,1,0.9659258262890683,0.25881904510252074,3,1,9.839176213715511,1.419909517161405,0,9.410238356356315,0.0,0,0,5.1
4.73664984802472,19,278.9,1,0,-0.9659258262890684,0.2588190451025203,1,3,22.4358517827926,1.7468753897715033,0,4.73664984802472,4.73664984802472,1,3,7.7
1.0,22,102.74,0,1,-0.5000000000000004,0.8660254037844384,3,2,1.0,0.6931471805599453,0,3.0,0.0,0,0,6.6
3.8872476125613575,12,116.75,0,0,1.2246467991473532e-16,-1.0,2,2,15.110694001363974,1.5866292846044905,0,7.774495225122715,0.0,0,0,5.4
2.3755693562362987,19,144.7,1,0,-0.9659258262890684,0.2588190451025203,1,1,5.643329766288943,1.21656400824065,0,2.3755693562362987,2.3755693562362987,1,1,4.7
3.9674923023198265,15,131.6,0,0,-0.7071067811865471,-0.7071067811865479,1,3,15.740995168967078,1.6029151458341442,0,3.9674923023198265,0.0,0,0,5.7
1.2756310328478127,17,145.0,1,0,-0.9659258262890683,-0.25881904510252063,1,1,1.6272345319643773,0.8222573910169664,0,1.2756310328478127,1.2756310328478127,1,1,4.7
22.120798999430246,9,676.4,1,0,0.7071067811865476,-0.7071067811865475,1,1,489.32974837319415,3.1407326020059214,2,22.120798999430246,22.120798999430246,1,1,4.7
9.003988138795599,22,176.08,0,1,-0.5000000000000004,0.8660254037844384,1,2,81.07180240357182,2.302983827368488,1,9.003988138795599,0.0,0,0,4.2
11.366329578930316,7,399.6,1,0,0.9659258262890683,-0.25881904510252063,1,1,129.1934480968662,2.514977422805342,1,11.366329578930316,11.366329578930316,1,1,4.7
15.567090323777911,17,519.95,1,0,-0.9659258262890683,-0.25881904510252063,1,1,242.33430114865988,2.8074182169713513,2,15.567090323777911,15.567090323777911,1,1,4.7
6.900364218488852,20,370.77,1,0,-0.8660254037844386,0.5000000000000001,2,2,47.61502634780126,2.066908862016421,1,13.800728436977703,6.900364218488852,2,2,7.4
1.0,0,82.71,0,1,0.0,1.0,2,3,1.0,0.6931471805599453,0,2.0,0.0,0,0,6.9
7.702583632948226,22,155.77,0,1,-0.5000000000000004,0.8660254037844384,2,1,59.32979462256189,2.163619950878276,1,15.405167265896452,0.0,0,0,3.9
8.839230578713735,7,391.0,1,0,0.9659258262890683,-0.25881904510252063,1,2,78.13199722366795,2.286377514786764,1,8.839230578713735,8.839230578713735,1,2,6.2
13.682166488084093,5,295.27,0,1,0.9659258262890683,0.25881904510252074,1,3,187.2016798076514,2.686633593229534,2,13.682166488084093,0.0,0,0,5.7
5.6503464938298205,4,129.23,0,1,0.8660254037844386,0.5000000000000001,2,1,31.926415500334944,1.8946689576456903,1,11.300692987659641,0.0,0,0,3.9
1.3648466672931223,14,63.0,0,0,-0.4999999999999997,-0.8660254037844388,1,1,1.862806425221143,0.8607131857165439,0,1.3648466672931223,0.0,0,0,2.7
3.337621802617039,21,178.02,1,0,-0.7071067811865477,0.7071067811865474,1,1,11.139719297304612,1.4673262261737,0,3.337621802617039,3.337621802617039,1,1,4.7
4.511148254746234,14,141.91,0,0,-0.4999999999999997,-0.8660254037844388,3,1,20.350458576299996,1.7067729961444524,0,13.533444764238702,0.0,0,0,5.1
10.382246116218617,1,186.09,0,1,0.25881904510252074,0.9659258262890683,2,1,107.79103441773657,2.432054783231164,1,20.764492232437235,0.0,0,0,3.9
8.457817212014195,0,224.58,0,1,0.0,1.0,2,3,71.53467199184357,2.246841617751803,1,16.91563442402839,0.0,0,0,6.9
4.402067596518061,22,135.47,0,1,-0.5000000000000004,0.8660254037844384,1,2,19.3781991243143,1.686781768531316,0,4.402067596518061,0.0,0,0,4.2
40.0,22,716.85,0,1,-0.5000000000000004,0.8660254037844384,2,2,1600.0,3.713572066704308,4,80.0,0.0,0,0,5.4
9.308330084672093,10,377.74,1,0,0.49999999999999994,-0.8660254037844387,2,1,86.64500896521157,2.3329523144613633,1,18.616660169344186,9.308330084672093,2,1,5.9
2.7079452875679992,9,250.89,1,0,0.7071067811865476,-0.7071067811865475,2,3,7.332967680461734,1.310477892354188,0,5.4158905751359985,2.7079452875679992,2,3,8.9
1.0734300462488686,17,189.02,1,0,-0.9659258262890683,-0.25881904510252063,2,3,1.1522520641898482,0.7292042630958233,0,2.1468600924977372,1.0734300462488686,2,3,8.9
1.6588829258982587,17,222.27,1,0,-0.9659258262890683,-0.25881904510252063,3,3,2.7518925618367676,0.9779060819189622,0,4.976648777694776,1.6588829258982587,3,3,10.1
2.8230684939514097,16,92.91,0,0,-0.8660254037844385,-0.5000000000000004,2,1,7.96971572154108,1.3410533708371737,0,5.646136987902819,0.0,0,0,3.9
1.7516487495429403,7,161.93,1,0,0.9659258262890683,-0.25881904510252063,1,2,3.0682733417753463,1.0122002773113494,0,1.7516487495429403,1.7516487495429403,1,2,6.2
2.064917454545804,14,75.01,0,0,-0.4999999999999997,-0.8660254037844388,2,1,4.263884094087922,1.1200206373928214,0,4.129834909091608,0.0,0,0,3.9
3.3560584821544652,7,204.82,1,0,0.9659258262890683,-0.25881904510252063,2,1,11.263128535640933,1.4715676306358856,0,6.7121169643089305,3.3560584821544652,2,1,5.9
1.90402433662887,16,65.15,0,0,-0.8660254037844385,-0.5000000000000004,2,1,3.6253086744750087,1.0660974773092768,0,3.80804867325774,0.0,0,0,3.9
22.707514493559152,11,384.09,0,0,0.258819045102521,-0.9659258262890682,1,2,515.6312144751989,3.165792065124674,2,22.707514493559152,0.0,0,0,4.2
1.0,7,153.02,1,0,0.9659258262890683,-0.25881904510252063,1,2,1.0,0.6931471805599453,0,1.0,1.0,1,2,6.2
7.434123501127027,13,184.94,0,0,-0.2588190451025208,-0.9659258262890683,3,1,55.26619223000916,2.1322857984620023,1,22.30237050338108,0.0,0,0,5.1
5.283055564893023,3,123.54,0,1,0.7071067811865476,0.7071067811865476,2,1,27.91067610174714,1.8378564170699148,1,10.566111129786046,0.0,0,0,3.9
40.0,0,655.91,0,1,0.0,1.0,3,1,1600.0,3.713572066704308,4,120.0,0.0,0,0,5.1
1.188273456974049,0,62.09,0,1,0.0,1.0,2,1,1.4119938085490569,0.7831128570858319,0,2.376546913948098,0.0,0,0,3.9
5.072579937424305,18,261.4,1,0,-1.0,-1.8369701987210297e-16,2,1,25.731067221559563,1.8037835456485203,1,10.14515987484861,5.072579937424305,2,1,5.9
34.89059664126715,15,534.98,0,0,-0.7071067811865471,-0.7071067811865479,2,1,1217.3537339836028,3.5804753291859264,3,69.7811932825343,0.0,0,0,3.9
20.062440619681546,13,451.93,0,0,-0.2588190451025208,-0.9659258262890683,3,2,402.50152361824803,3.047491388865,2,60.18732185904464,0.0,0,0,6.6
16.986630340361796,20,640.96,1,0,-0.8660254037844386,0.5000000000000001,2,1,288.5456103200999,2.8896287230453397,2,33.97326068072359,16.986630340361796,2,1,5.9
2.9827508353350463,15,90.3,0,0,-0.7071067811865471,-0.7071067811865479,2,1,8.896802545691916,1.381972745209103,0,5.9655016706700925,0.0,0,0,3.9
1.8739953278648755,4,74.96,0,1,0.8660254037844386,0.5000000000000001,1,1,3.5118584888593825,1.0557031619995882,0,1.8739953278648755,0.0,0,0,2.7
11.045595986817835,8,483.97,1,0,0.8660254037844387,-0.4999999999999998,1,3,122.00519070400627,2.488699114860824,1,11.045595986817835,11.045595986817835,1,3,7.7
26.503850949599553,1,506.3,0,1,0.25881904510252074,0.9659258262890683,2,2,702.4541151585892,3.3143260293994987,3,53.007701899199105,0.0,0,0,5.4
8.136504219047422,17,371.19,1,0,-0.9659258262890683,-0.25881904510252063,1,2,66.20270090657651,2.2122778417417983,1,8.136504219047422,8.136504219047422,1,2,6.2
8.477275614585865,5,137.15,0,1,0.9659258262890683,0.25881904510252074,1,1,71.86420184565216,2.248896892537036,1,8.477275614585865,0.0,0,0,2.7
3.284750308106508,8,209.79,1,0,0.8660254037844387,-0.4999999999999998,1,2,10.7895845866058,1.4550622791982397,0,3.284750308106508,3.284750308106508,1,2,6.2
14.674737584120885,0,211.06,0,1,0.0,1.0,1,1,215.34792316281008,2.752050345333932,2,14.674737584120885,0.0,0,0,2.7
2.0707798214607083,8,172.97,1,0,0.8660254037844387,-0.4999999999999998,1,2,4.288129068968843,1.1219315428482544,0,2.0707798214607083,2.0707798214607083,1,2,6.2
3.910878131192326,15,132.79,0,0,-0.7071067811865471,-0.7071067811865479,1,3,15.294967757038382,1.5914527712721727,0,3.910878131192326,0.0,0,0,5.7
5.541445500698305,12,163.94,0,0,1.2246467991473532e-16,-1.0,3,2,30.707618237209495,1.8781581656183817,1,16.624336502094916,0.0,0,0,6.6
7.084849626446985,8,400.57,1,0,0.8660254037844387,-0.4999999999999998,2,3,50.195094229365985,2.0899918937771917,1,14.16969925289397,7.084849626446985,2,3,8.9
2.7761258356960585,20,215.45,1,0,-0.8660254037844386,0.5000000000000001,1,2,7.706874655619139,1.3286985728593559,0,2.7761258356960585,2.7761258356960585,1,2,6.2
1.2198327214413545,12,48.84,0,0,1.2246467991473532e-16,-1.0,1,1,1.487991868299021,0.7974318423430887,0,1.2198327214413545,0.0,0,0,2.7
9.431996574293565,8,502.08,1,0,0.8660254037844387,-0.4999999999999998,2,3,88.96255937748555,2.344877676799807,1,18.86399314858713,9.431996574293565,2,3,8.9
3.4056336843654176,10,170.04,1,0,0.49999999999999994,-0.8660254037844387,1,1,11.598340792084368,1.482884104743474,0,3.4056336843654176,3.4056336843654176,1,1,4.7
8.704530682924435,3,238.58,0,1,0.7071067811865476,0.7071067811865476,3,2,75.76885440997293,2.2725928571749545,1,26.113592048773306,0.0,0,0,6.6
1.676647527706798,1,63.39,0,1,0.25881904510252074,0.9659258262890683,2,1,2.811146932165318,0.9845650889686577,0,3.353295055413596,0.0,0,0,3.9
6.561213780285275,5,124.04,0,1,0.9659258262890683,0.25881904510252074,2,1,43.04952627060539,2.0230317302519842,1,13.12242756057055,0.0,0,0,3.9
7.605472481290779,13,141.96,0,0,-0.2588190451025208,-0.9659258262890683,1,1,57.84321166367131,2.1523983359179835,1,7.605472481290779,0.0,0,0,2.7
1.0,3,69.26,0,1,0.7071067811865476,0.7071067811865476,2,1,1.0,0.6931471805599453,0,2.0,0.0,0,0,3.9
4.103836013804233,5,88.39,0,1,0.9659258262890683,0.25881904510252074,1,1,16.841470028196614,1.629992416569492,0,4.103836013804233,0.0,0,0,2.7
1.443493268319316,18,214.76,1,0,-1.0,-1.8369701987210297e-16,3,2,2.083672815683181,0.8934286827905007,0,4.330479804957948,1.443493268319316,3,2,8.6
1.0,5,75.03,0,1,0.9659258262890683,0.25881904510252074,2,1,1.0,0.6931471805599453,0,2.0,0.0,0,0,3.9
40.0,1,526.03,0,1,0.25881904510252074,0.9659258262890683,1,1,1600.0,3.713572066704308,4,40.0,0.0,0,0,2.7
3.8913002251942026,17,238.51,1,0,-0.9659258262890683,-0.25881904510252063,1,2,15.142217442596452,1.5874581628657847,0,3.8913002251942026,3.8913002251942026,1,2,6.2
16.600706137698985,12,240.8,0,0,1.2246467991473532e-16,-1.0,1,1,275.5834442702368,2.8679390226994315,2,16.600706137698985,0.0,0,0,2.7
2.938888342934014,8,241.56,1,0,0.8660254037844387,-0.4999999999999998,2,2,8.637064692233436,1.3708985370355924,0,5.877776685868028,2.938888342934014,2,2,7.4
11.441413510203516,22,219.44,0,1,-0.5000000000000004,0.8660254037844384,1,2,130.90594311146754,2.5210307070782108,1,11.441413510203516,0.0,0,0,4.2
14.280662228282086,18,678.92,1,0,-1.0,-1.8369701987210297e-16,2,3,203.93731367828266,2.7265881223465005,2,28.561324456564172,14.280662228282086,2,3,8.9
9.054465941691397,12,191.59,0,0,1.2246467991473532e-16,-1.0,1,2,81.98335348924948,2.3080169081085526,1,9.054465941691397,0.0,0,0,4.2
6.378566440452717,10,297.76,1,0,0.49999999999999994,-0.8660254037844387,2,1,40.68610983526965,1.9985793704824004,1,12.757132880905434,6.378566440452717,2,1,5.9
5.307578135053777,0,171.31,0,1,0.0,1.0,3,2,28.170385659700933,1.8417517890986448,1,15.922734405161332,0.0,0,0,6.6
4.290433017039748,23,105.21,0,1,-0.25881904510252157,0.9659258262890681,2,1,18.407815473704797,1.6659000982933163,0,8.580866034079497,0.0,0,0,3.9
26.52556048220781,21,936.32,1,0,-0.7071067811865477,0.7071067811865474,2,1,703.6053588952645,3.3151150450611118,3,53.05112096441562,26.52556048220781,2,1,5.9
17.75607071141798,6,304.23,0,0,1.0,6.123233995736766e-17,1,2,315.2780471088754,2.9315174712894367,2,17.75607071141798,0.0,0,0,4.2
33.53176389415692,20,1001.43,1,0,-0.8660254037844386,0.5000000000000001,1,1,1124.3791898534855,3.541879593044125,3,33.53176389415692,33.53176389415692,1,1,4.7
1.3272854183610554,14,94.55,0,0,-0.4999999999999997,-0.8660254037844388,2,2,1.7616865817938818,0.8447025318742936,0,2.654570836722111,0.0,0,0,5.4
13.125513634605074,0,278.64,0,1,0.0,1.0,1,3,172.2791081722037,2.647982639883232,2,13.125513634605074,0.0,0,0,5.7
27.861272652612406,11,495.78,0,0,0.258819045102521,-0.9659258262890682,1,3,776.2505138232079,3.362500649830578,3,27.861272652612406,0.0,0,0,5.7
1.9995580970079767,6,85.25,0,0,1.0,6.123233995736766e-17,1,3,3.9982325833101613,1.0984649768209112,0,1.9995580970079767,0.0,0,0,5.7
1.0,14,56.48,0,0,-0.4999999999999997,-0.8660254037844388,1,1,1.0,0.6931471805599453,0,1.0,0.0,0,0,2.7
13.513931531886222,20,456.38,1,0,-0.8660254037844386,0.5000000000000001,1,1,182.6263454485087,2.6751089834606527,2,13.513931531886222,13.513931531886222,1,1,4.7
8.544271441986698,18,495.99,1,0,-1.0,-1.8369701987210297e-16,3,2,73.00457447434945,2.255941125504617,1,25.632814325960094,8.544271441986698,3,2,8.6
18.44077141321478,0,255.68,0,1,0.0,1.0,1,1,340.06205031443943,2.9673724799947245,2,18.44077141321478,0.0,0,0,2.7
1.505582464141926,16,97.25,0,0,-0.8660254037844385,-0.5000000000000004,2,2,2.266778556331674,0.9185212281236388,0,3.011164928283852,0.0,0,0,5.4
15.860501110318681,16,294.43,0,0,-0.8660254037844385,-0.5000000000000004,1,2,251.55549547042014,2.8249736739777345,2,15.860501110318681,0.0,0,0,4.2
2.2517977306702295,2,102.77,0,1,0.49999999999999994,0.8660254037844387,2,2,5.070593019851596,1.179207991310272,0,4.503595461340459,0.0,0,0,5.4
1.78715198965518,11,64.78,0,0,0.258819045102521,-0.9659258262890682,1,1,3.1939122341284683,1.025020282231758,0,1.78715198965518,0.0,0,0,2.7
1.794446565599507,5,83.05,0,1,0.9659258262890683,0.25881904510252074,3,1,3.2200384767918657,1.0276340782706945,0,5.3833396967985205,0.0,0,0,5.1
16.851032825640086,10,701.9,1,0,0.49999999999999994,-0.8660254037844387,3,1,283.9573072907997,2.88206136793214,2,50.553098476920255,16.851032825640086,3,1,7.1
10.942136390159689,2,175.55,0,1,0.49999999999999994,0.8660254037844387,1,1,119.73034878085691,2.4800730191079556,1,10.942136390159689,0.0,0,0,2.7
7.403759563460444,7,464.57,1,0,0.9659258262890683,-0.25881904510252063,3,3,54.81565567353198,2.128679172799622,1,22.21127869038133,7.403759563460444,3,3,10.1
4.444614016780681,13,121.51,0,0,-0.2588190451025208,-0.9659258262890683,3,1,19.754593758163303,1.6946268662286914,0,13.333842050342044,0.0,0,0,5.1
20.972026672943326,13,367.48,0,0,-0.2588190451025208,-0.9659258262890683,3,1,439.8259027706463,3.089770129431181,2,62.91608001882997,0.0,0,0,5.1
4.98312749697445,9,286.41,1,0,0.7071067811865476,-0.7071067811865475,3,1,24.831559651102843,1.7889434240545599,0,14.949382490923348,4.98312749697445,3,1,7.1
16.960826628480696,1,287.6,0,1,0.25881904510252074,0.9659258262890683,1,2,287.6696399213798,2.888193087899557,2,16.960826628480696,0.0,0,0,4.2
5.782748811138804,13,172.32,0,0,-0.2588190451025208,-0.9659258262890683,2,2,33.44018381272725,1.9143824491595287,1,11.565497622277608,0.0,0,0,5.4
4.731195658177371,8,223.86,1,0,0.8660254037844387,-0.4999999999999998,1,1,22.384212355956407,1.745924175307435,0,4.731195658177371,4.731195658177371,1,1,4.7
6.2116105989960255,2,110.53,0,1,0.49999999999999994,0.8660254037844387,1,1,38.584106233559766,1.9756923103997355,1,6.2116105989960255,0.0,0,0,2.7
3.5864527543064204,20,231.54,1,0,-0.8660254037844386,0.5000000000000001,3,1,12.86264335887211,1.523106904880269,0,10.75935826291926,3.5864527543064204,3,1,7.1
13.767773129369393,7,455.06,1,0,0.9659258262890683,-0.25881904510252063,1,1,189.5515769417859,2.6924473153300212,2,13.767773129369393,13.767773129369393,1,1,4.7
6.98602815695596,15,176.82,0,0,-0.7071067811865471,-0.7071067811865479,2,2,48.80458940978149,2.0776935344244407,1,13.97205631391192,0.0,0,0,5.4
2.6424253099706525,1,125.22,0,1,0.25881904510252074,0.9659258262890683,3,2,6.982411518773499,1.2926497537213688,0,7.927275929911957,0.0,0,0,6.6
22.983398495505835,5,411.15,0,1,0.9659258262890683,0.25881904510252074,3,1,528.2366064032199,3.177361861638887,2,68.9501954865175,0.0,0,0,5.1
4.843317423587113,20,297.73,1,0,-0.8660254037844386,0.5000000000000001,3,1,23.45772366562251,1.7652986875437762,0,14.529952270761338,4.843317423587113,3,1,7.1
7.8428238217776345,11,184.41,0,0,0.258819045102521,-0.9659258262890682,1,3,61.50988549944274,2.1796062624931367,1,7.8428238217776345,0.0,0,0,5.7
23.694956087096266,4,312.27,0,1,0.8660254037844386,0.5000000000000001,1,1,561.4509439694203,3.206599015780692,2,23.694956087096266,0.0,0,0,2.7
9.787993038573306,1,189.29,0,1,0.25881904510252074,0.9659258262890683,1,2,95.80480772315951,2.3784337599837366,1,9.787993038573306,0.0,0,0,4.2
1.2431461585777974,15,54.73,0,0,-0.7071067811865471,-0.7071067811865479,1,1,1.5454123715867343,0.8078794155095401,0,1.2431461585777974,0.0,0,0,2.7
28.106166839322093,4,371.44,0,1,0.8660254037844386,0.5000000000000001,1,1,789.9566143998088,3.3709500706028614,3,28.106166839322093,0.0,0,0,2.7
9.880769289348262,14,156.23,0,0,-0.4999999999999997,-0.8660254037844388,1,1,97.62960174932775,2.386996945669761,1,9.880769289348262,0.0,0,0,2.7
4.078263155513094,11,130.14,0,0,0.258819045102521,-0.9659258262890682,2,2,16.632230365615616,1.6249693046087212,0,8.156526311026187,0.0,0,0,5.4
1.499768206164258,3,112.57,0,1,0.7071067811865476,0.7071067811865476,2,3,2.2493046722211565,0.9161980100413221,0,2.999536412328516,0.0,0,0,6.9
15.800013956802669,14,224.9,0,0,-0.4999999999999997,-0.8660254037844388,1,1,249.64044103515914,2.821379717170932,2,15.800013956802669,0.0,0,0,2.7
9.677755075628523,10,400.98,1,0,0.49999999999999994,-0.8660254037844387,2,1,93.65894330385365,2.3681626125259743,1,19.355510151257047,9.677755075628523,2,1,5.9
7.624138580490282,15,137.23,0,0,-0.7071067811865471,-0.7071067811865479,1,1,58.12748909452037,2.1545650832038463,1,7.624138580490282,0.0,0,0,2.7
22.433033305364454,22,304.68,0,1,-0.5000000000000004,0.8660254037844384,1,1,503.2409832795908,3.1541467065970332,2,22.433033305364454,0.0,0,0,2.7
15.539900136960721,5,263.84,0,1,0.9659258262890683,0.25881904510252074,2,1,241.48849626671185,2.80577565190868,2,31.079800273921443,0.0,0,0,3.9
1.644913201263409,13,71.35,0,0,-0.2588190451025208,-0.9659258262890683,2,1,2.705739439690636,0.9726382486142995,0,3.289826402526818,0.0,0,0,3.9
3.735625513958005,17,265.53,1,0,-0.9659258262890683,-0.25881904510252063,2,2,13.954897980534007,1.5551138222336265,0,7.47125102791601,3.735625513958005,2,2,7.4
2.8566961854883792,11,65.21,0,0,0.258819045102521,-0.9659258262890682,1,1,8.160713096183857,1.3498109064809702,0,2.8566961854883792,0.0,0,0,2.7
13.623680618684116,10,605.03,1,0,0.49999999999999994,-0.8660254037844387,3,1,185.6046735999092,2.682642174941314,2,40.871041856052344,13.623680618684116,3,1,7.1
1.0,12,113.45,0,0,1.2246467991473532e-16,-1.0,2,3,1.0,0.6931471805599453,0,2.0,0.0,0,0,6.9
8.43713556386143,20,365.54,1,0,-0.8660254037844386,0.5000000000000001,2,1,71.18525652297534,2.2446524980797538,1,16.87427112772286,8.43713556386143,2,1,5.9
14.374137158597788,22,327.24,0,1,-0.5000000000000004,0.8660254037844384,2,3,206.6158190541817,2.732686692351811,2,28.748274317195577,0.0,0,0,6.9
20.93667344385938,10,852.11,1,0,0.49999999999999994,-0.8660254037844387,3,1,438.3442948948066,3.0881598227434677,2,62.810020331578144,20.93667344385938,3,1,7.1
4.1867459354509275,22,160.77,0,1,-0.5000000000000004,0.8660254037844384,2,3,17.528841528014862,1.6461065131499752,0,8.373491870901855,0.0,0,0,6.9
17.21807963541003,15,346.45,0,0,-0.7071067811865471,-0.7071067811865479,2,2,296.46226633132164,2.9024144875618307,2,34.43615927082006,0.0,0,0,5.4
1.1724388509877735,14,110.63,0,0,-0.4999999999999997,-0.8660254037844388,3,3,1.3746128593055305,0.7758504309202093,0,3.5173165529633206,0.0,0,0,8.1
18.737439572116877,20,849.92,1,0,-0.8660254037844386,0.5000000000000001,2,3,351.09164171873147,2.9825173179997146,2,37.47487914423375,18.737439572116877,2,3,8.9
1.3637963052807085,14,65.99,0,0,-0.4999999999999997,-0.8660254037844388,1,1,1.8599403622973114,0.8602689305525227,0,1.3637963052807085,0.0,0,0,2.7
5.0631463120986435,3,174.78,0,1,0.7071067811865476,0.7071067811865476,2,3,25.635450577718096,1.8022288587625728,1,10.126292624197287,0.0,0,0,6.9
15.960053633264899,10,527.46,1,0,0.49999999999999994,-0.8660254037844387,1,1,254.7233119766921,2.830860792697489,2,15.960053633264899,15.960053633264899,1,1,4.7
1.6242178992041616,18,130.44,1,0,-1.0,-1.8369701987210297e-16,1,1,2.63808378409518,0.9647829084893862,0,1.6242178992041616,1.6242178992041616,1,1,4.7
2.6039302244475095,14,85.15,0,0,-0.4999999999999997,-0.8660254037844388,2,1,6.780452613791257,1.2820249789725213,0,5.207860448895019,0.0,0,0,3.9
12.810430976449055,3,308.92,0,1,0.7071067811865476,0.7071067811865476,3,2,164.1071418023655,2.6254241744975464,2,38.431292929347165,0.0,0,0,6.6
12.730961719916946,20,570.62,1,0,-0.8660254037844386,0.5000000000000001,3,1,162.07738631399064,2.619653262477375,2,38.19288515975084,12.730961719916946,3,1,7.1
10.248442087373908,12,214.39,0,0,1.2246467991473532e-16,-1.0,1,2,105.03056521825687,2.420229637938714,1,10.248442087373908,0.0,0,0,4.2
11.84001709087617,21,554.02,1,0,-0.7071067811865477,0.7071067811865474,2,2,140.18600471223982,2.5525666293260514,1,23.68003418175234,11.84001709087617,2,2,7.4
7.824691011956382,18,352.1,1,0,-1.0,-1.8369701987210297e-16,1,2,61.22578943259099,2.1775535893969225,1,7.824691011956382,7.824691011956382,1,2,6.2
2.9008369925940993,1,145.08,0,1,0.25881904510252074,0.9659258262890683,3,3,8.414855257602378,1.3611911435950876,0,8.702510977782298,0.0,0,0,8.1
4.241831937932634,13,132.62,0,0,-0.2588190451025208,-0.9659258262890683,3,1,17.993138189665327,1.65667104371054,0,12.725495813797902,0.0,0,0,5.1
2.0040127451653182,3,70.85,0,1,0.7071067811865476,0.7071067811865476,2,1,4.016067082785034,1.099948976624352,0,4.0080254903306365,0.0,0,0,3.9
23.908761393236517,15,433.38,0,0,-0.7071067811865471,-0.7071067811865479,3,1,571.628871358717,3.215219604763519,2,71.72628417970955,0.0,0,0,5.1
8.756090546365986,20,378.09,1,0,-0.8660254037844386,0.5000000000000001,2,1,76.66912165615979,2.2778917614059293,1,17.51218109273197,8.756090546365986,2,1,5.9
5.122456594790224,19,259.88,1,0,-0.9659258262890684,0.2588190451025203,2,1,26.239561565509856,1.8119634203605375,1,10.244913189580448,5.122456594790224,2,1,5.9
6.199075063211633,13,103.63,0,0,-0.2588190451025208,-0.9659258262890683,1,1,38.42853163933231,1.973952554327046,1,6.199075063211633,0.0,0,0,2.7
29.42823736997211,14,394.83,0,0,-0.4999999999999997,-0.8660254037844388,1,1,866.021154703423,3.4153710381422275,3,29.42823736997211,0.0,0,0,2.7
1.6646955012850069,2,108.33,0,1,0.49999999999999994,0.8660254037844387,2,3,2.7712111119985403,0.9800897926601753,0,3.3293910025700137,0.0,0,0,6.9
8.824446091085541,7,457.92,1,0,0.9659258262890683,-0.25881904510252063,2,2,77.87084881447488,2.2848737786683992,1,17.648892182171082,8.824446091085541,2,2,7.4
7.049944407931773,15,117.72,0,0,-0.7071067811865471,-0.7071067811865479,1,1,49.70171615492848,2.0856651855596415,1,7.049944407931773,0.0,0,0,2.7
9.453443180030728,9,542.31,1,0,0.7071067811865476,-0.7071067811865475,3,2,89.36758795806949,2.3469314150526417,1,28.360329540092184,9.453443180030728,3,2,8.6
1.0,3,55.03,0,1,0.7071067811865476,0.7071067811865476,1,1,1.0,0.6931471805599453,0,1.0,0.0,0,0,2.7
20.566935225406965,17,745.13,1,0,-0.9659258262890683,-0.25881904510252063,2,1,422.99882456608583,3.071161365253036,2,41.13387045081393,20.566935225406965,2,1,5.9
26.89988536691252,1,506.96,0,1,0.25881904510252074,0.9659258262890683,2,2,723.6038327530343,3.3286225801060665,3,53.79977073382504,0.0,0,0,5.4
8.327154639433976,16,163.43,0,0,-0.8660254037844385,-0.5000000000000004,2,1,69.34150438904679,2.2329299993686194,1,16.654309278867952,0.0,0,0,3.9
11.928707405259582,12,214.4,0,0,1.2246467991473532e-16,-1.0,2,1,142.2940603602948,2.5594502191291486,1,23.857414810519163,0.0,0,0,3.9
25.574693578456262,3,474.06,0,1,0.7071067811865476,0.7071067811865476,1,3,654.064951631932,3.279959393717745,3,25.574693578456262,0.0,0,0,5.7
12.283974533925182,10,519.77,1,0,0.49999999999999994,-0.8660254037844387,1,3,150.8960303501224,2.586558386463971,2,12.283974533925182,12.283974533925182,1,3,7.7
1.655105091241217,6,104.9,0,0,1.0,6.123233995736766e-17,2,2,2.7393728630525973,0.9764842362989458,0,3.310210182482434,0.0,0,0,5.4
8.587021498525601,11,211.33,0,0,0.258819045102521,-0.9659258262890682,2,2,73.73693821614086,2.2604102565587687,1,17.174042997051203,0.0,0,0,5.4
9.33220857034015,9,406.03,1,0,0.7071067811865476,-0.7071067811865475,1,2,87.09011680033014,2.3352660618610614,1,9.33220857034015,9.33220857034015,1,2,6.2
5.518745039228211,6,120.39,0,0,1.0,6.123233995736766e-17,2,1,30.45654680800599,1.8746818787661899,1,11.037490078456422,0.0,0,0,3.9
13.334903038833922,12,192.59,0,0,1.2246467991473532e-16,-1.0,1,1,177.81963905510216,2.662697335366446,2,13.334903038833922,0.0,0,0,2.7
27.236768857624746,6,422.45,0,0,1.0,6.123233995736766e-17,2,1,741.8415778036772,3.340624988855972,3,54.47353771524949,0.0,0,0,3.9
25.978762130541174,23,458.77,0,1,-0.25881904510252157,0.9659258262890681,3,1,674.8960818352402,3.295049968724123,3,77.93628639162353,0.0,0,0,5.1
5.9936429630361765,16,132.83,0,0,-0.8660254037844385,-0.5000000000000004,1,2,35.92375596835308,1.9450015883012741,1,5.9936429630361765,0.0,0,0,4.2
1.2017870455178419,9,128.79,1,0,0.7071067811865476,-0.7071067811865475,1,1,1.4442921027745033,0.7892693240497204,0,1.2017870455178419,1.2017870455178419,1,1,4.7
40.0,9,1647.41,1,0,0.7071067811865476,-0.7071067811865475,2,3,1600.0,3.713572066704308,4,80.0,40.0,2,3,8.9
18.25718110818443,23,399.44,0,1,-0.25881904510252157,0.9659258262890681,2,3,333.3246620170464,2.9578840357509724,2,36.51436221636886,0.0,0,0,6.9
1.331459597170634,3,80.11,0,1,0.7071067811865476,0.7071067811865476,2,2,1.772784658897787,0.8464945080020555,0,2.662919194341268,0.0,0,0,5.4
25.36307940963276,19,1151.55,1,0,-0.9659258262890684,0.2588190451025203,3,2,643.2857971393373,3.2719645241174793,3,76.08923822889828,25.36307940963276,3,2,8.6
20.394239312268635,3,501.67,0,1,0.7071067811865476,0.7071067811865476,3,3,415.92499712608344,3.0631216947739164,2,61.1827179368059,0.0,0,0,8.1
7.315513859686492,21,371.66,1,0,-0.7071067811865477,0.7071067811865474,3,1,53.51674303126516,2.118122909855848,1,21.946541579059478,7.315513859686492,3,1,7.1
8.94713786829075,6,213.92,0,0,1.0,6.123233995736766e-17,2,2,80.05127603420233,2.2972848583628287,1,17.8942757365815,0.0,0,0,5.4
5.091648434090136,21,229.25,1,0,-0.7071067811865477,0.7071067811865474,1,1,25.92488377637253,1.8069187239274342,1,5.091648434090136,5.091648434090136,1,1,4.7
1.0,0,61.05,0,1,0.0,1.0,1,2,1.0,0.6931471805599453,0,1.0,0.0,0,0,4.2
4.082648863007411,11,78.97,0,0,0.258819045102521,-0.9659258262890682,1,1,16.668021738615707,1.6258325554190178,0,4.082648863007411,0.0,0,0,2.7
16.238079110661786,23,347.27,0,1,-0.25881904510252157,0.9659258262890681,2,3,263.67521320411066,2.8471208385325664,2,32.47615822132357,0.0,0,0,6.9
1.0,12,90.74,0,0,1.2246467991473532e-16,-1.0,1,3,1.0,0.6931471805599453,0,1.0,0.0,0,0,5.7
4.057138965901687,9,259.53,1,0,0.7071067811865476,-0.7071067811865475,3,1,16.460376588637807,1.6208009016296507,0,12.171416897705061,4.057138965901687,3,1,7.1
5.077780948546781,14,124.46,0,0,-0.4999999999999997,-0.8660254037844388,2,1,25.78385936142465,1.804639653790319,1,10.155561897093563,0.0,0,0,3.9
7.708830241238818,12,206.93,0,0,1.2246467991473532e-16,-1.0,2,3,59.42606368823814,2.1643374811838254,1,15.417660482477636,0.0,0,0,6.9
25.239254761530418,22,343.07,0,1,-0.5000000000000004,0.8660254037844384,1,1,637.0199809174359,3.267256562816266,3,25.239254761530418,0.0,0,0,2.7
4.251771108907901,21,269.08,1,0,-0.7071067811865477,0.7071067811865474,1,3,18.077557562543923,1.6585653737901356,0,4.251771108907901,4.251771108907901,1,3,7.7
4.261064859584953,21,241.49,1,0,-0.7071067811865477,0.7071067811865474,1,2,18.156673737589735,1.6603334510484515,0,4.261064859584953,4.261064859584953,1,2,6.2
13.375089516655656,20,438.7,1,0,-0.8660254037844386,0.5000000000000001,1,1,178.89301957855204,2.6654968139096358,2,13.375089516655656,13.375089516655656,1,1,4.7
6.018777734923394,21,266.47,1,0,-0.7071067811865477,0.7071067811865474,1,1,36.22568542240958,1.9485890910442203,1,6.018777734923394,6.018777734923394,1,1,4.7
2.5438247370272538,8,193.68,1,0,0.8660254037844387,-0.4999999999999998,2,1,6.471044292711777,1.2652065780852253,0,5.0876494740545075,2.5438247370272538,2,1,5.9
6.022823505761551,8,385.05,1,0,0.8660254037844387,-0.4999999999999998,3,2,36.274402981553855,1.9491653459713851,1,18.068470517284652,6.022823505761551,3,2,8.6
1.5181992193138705,14,79.77,0,0,-0.4999999999999997,-0.8660254037844388,3,1,2.304928869525246,0.9235440505678909,0,4.554597657941612,0.0,0,0,5.1
1.9405450320809674,9,197.35,1,0,0.7071067811865476,-0.7071067811865475,2,2,3.7657150215341226,1.0785949492304567,0,3.881090064161935,1.9405450320809674,2,2,7.4
6.898880428028177,23,114.82,0,1,-0.25881904510252157,0.9659258262890681,1,1,47.59455116023024,2.0667210314589184,1,6.898880428028177,0.0,0,0,2.7
5.42876216256007,9,379.2,1,0,0.7071067811865476,-0.7071067811865475,3,2,29.47145861764389,1.8607820100064352,1,16.28628648768021,5.42876216256007,3,2,8.6
24.632927352528128,7,1120.62,1,0,0.9659258262890683,-0.25881904510252063,3,3,606.7811099549284,3.243877749715262,2,73.89878205758438,24.632927352528128,3,3,10.1
4.500345830397283,23,135.52,0,1,-0.25881904510252157,0.9659258262890681,1,3,20.253112593174208,1.704810968515722,0,4.500345830397283,0.0,0,0,5.7
8.68902383785272,15,166.58,0,0,-0.7071067811865471,-0.7071067811865479,2,1,75.4991352547728,2.2709936817004617,1,17.37804767570544,0.0,0,0,3.9
10.00390772517848,16,236.87,0,0,-0.8660254037844385,-0.5000000000000004,1,3,100.07816977388569,2.3982504574563293,1,10.00390772517848,0.0,0,0,5.7
1.0,4,100.77,0,1,0.8660254037844386,0.5000000000000001,3,2,1.0,0.6931471805599453,0,3.0,0.0,0,0,6.6
10.89268197035989,3,265.41,0,1,0.7071067811865476,0.7071067811865476,3,2,118.65052050740341,2.4759232504777757,1,32.67804591107967,0.0,0,0,6.6
1.9605864019924821,17,193.1,1,0,-0.9659258262890683,-0.25881904510252063,1,3,3.8438990396778268,1.0853873574962598,0,1.9605864019924821,1.9605864019924821,1,3,7.7
32.45998272272426,23,558.54,0,1,-0.25881904510252157,0.9659258262890681,3,1,1053.6504783595576,3.5103501792024256,3,97.37994816817279,0.0,0,0,5.1
1.6094690431018008,18,151.65,1,0,-1.0,-1.8369701987210297e-16,2,1,2.5903906007030266,0.9591467688777923,0,3.2189380862036017,1.6094690431018008,2,1,5.9
5.355011145366069,3,201.44,0,1,0.7071067811865476,0.7071067811865476,3,3,28.676144366994816,1.8492436584346976,1,16.065033436098204,0.0,0,0,8.1
1.0,6,40.73,0,0,1.0,6.123233995736766e-17,1,1,1.0,0.6931471805599453,0,1.0,0.0,0,0,2.7
40.0,9,1739.13,1,0,0.7071067811865476,-0.7071067811865475,3,3,1600.0,3.713572066704308,4,120.0,40.0,3,3,10.1
6.975468656582261,17,359.44,1,0,-0.9659258262890683,-0.25881904510252063,1,3,48.65716297896153,2.0763704126599154,1,6.975468656582261,6.975468656582261,1,3,7.7
9.048193240889457,18,339.74,1,0,-1.0,-1.8369701987210297e-16,1,1,81.86980092447766,2.3073928413173337,1,9.048193240889457,9.048193240889457,1,1,4.7
1.0,3,84.4,0,1,0.7071067811865476,0.7071067811865476,1,3,1.0,0.6931471805599453,0,1.0,0.0,0,0,5.7
13.86136255215999,9,601.23,1,0,0.7071067811865476,-0.7071067811865475,3,1,192.13737180242333,2.6987647276944466,2,41.58408765647997,13.86136255215999,3,1,7.1
2.356028382502632,0,118.03,0,1,0.0,1.0,3,2,5.550869739157968,1.2107582458107446,0,7.068085147507896,0.0,0,0,6.6
22.833148568116304,22,508.24,0,1,-0.5000000000000004,0.8660254037844384,3,2,521.3526735336716,3.1710774086150737,2,68.49944570434891,0.0,0,0,6.6
2.2958882816083332,17,249.59,1,0,-0.9659258262890683,-0.25881904510252063,3,3,5.271103001626465,1.192675716329669,0,6.887664844825,2.2958882816083332,3,3,10.1
2.1157042980881586,4,57.05,0,1,0.8660254037844386,0.5000000000000001,1,1,4.476204676948708,1.136455225587617,0,2.1157042980881586,0.0,0,0,2.7
1.0,14,42.13,0,0,-0.4999999999999997,-0.8660254037844388,1,1,1.0,0.6931471805599453,0,1.0,0.0,0,0,2.7
6.387857932954639,16,137.67,0,0,-0.8660254037844385,-0.5000000000000004,1,2,40.80472897161152,1.9998378327198694,1,6.387857932954639,0.0,0,0,4.2
8.320441036761805,2,189.06,0,1,0.49999999999999994,0.8660254037844387,1,2,69.22973904622985,2.2322099491188374,1,8.320441036761805,0.0,0,0,4.2
1.0,11,78.46,0,0,0.258819045102521,-0.9659258262890682,1,2,1.0,0.6931471805599453,0,1.0,0.0,0,0,4.2
14.940025935983723,1,218.43,0,1,0.25881904510252074,0.9659258262890683,1,1,223.2043749678663,2.7688333004613552,2,14.940025935983723,0.0,0,0,2.7
6.038346502936217,0,108.83,0,1,0.0,1.0,1,1,36.46162848952204,1.9513732708412492,1,6.038346502936217,0.0,0,0,2.7
7.431576545925969,22,124.59,0,1,-0.5000000000000004,0.8660254037844384,1,1,55.22832995795696,2.1319837706525058,1,7.431576545925969,0.0,0,0,2.7
5.811814717875803,20,326.65,1,0,-0.8660254037844386,0.5000000000000001,1,3,33.7771903149178,1.9186585630582191,1,5.811814717875803,5.811814717875803,1,3,7.7
5.120982012749213,16,116.69,0,0,-0.8660254037844385,-0.5000000000000004,1,1,26.22445677490098,1.8117225432515147,1,5.120982012749213,0.0,0,0,2.7
8.201634571378747,21,400.03,1,0,-0.7071067811865477,0.7071067811865474,3,1,67.26680964243505,2.2193811390754448,1,24.604903714136242,8.201634571378747,3,1,7.1
1.6870300676095549,15,117.11,0,0,-0.7071067811865471,-0.7071067811865479,2,3,2.846070449018699,0.9884365196003536,0,3.3740601352191097,0.0,0,0,6.9
2.008050862086255,4,83.55,0,1,0.8660254037844386,0.5000000000000001,3,1,4.032268264725353,1.1012923148828886,0,6.024152586258765,0.0,0,0,5.1
19.789493282961402,14,374.62,0,0,-0.4999999999999997,-0.8660254037844388,1,3,391.6240443963745,3.0344477284589626,2,19.789493282961402,0.0,0,0,5.7
29.209117092646856,2,490.25,0,1,0.49999999999999994,0.8660254037844387,1,2,853.1725213319547,3.4081437693060557,3,29.209117092646856,0.0,0,0,4.2
4.673021874751385,6,161.49,0,0,1.0,6.123233995736766e-17,2,3,21.837133441904953,1.7357219342776598,0,9.34604374950277,0.0,0,0,6.9
3.15731365692666,10,177.62,1,0,0.49999999999999994,-0.8660254037844387,1,1,9.9686295282156,1.4248691101367794,0,3.15731365692666,3.15731365692666,1,1,4.7
10.328232650944571,9,370.85,1,0,0.7071067811865476,-0.7071067811865475,1,1,106.67238969203753,2.4272980744297845,1,10.328232650944571,10.328232650944571,1,1,4.7
5.254895676072463,8,263.4,1,0,0.8660254037844387,-0.4999999999999998,1,2,27.61392856640507,1.8333644652941696,1,5.254895676072463,5.254895676072463,1,2,6.2
1.0,13,85.51,0,0,-0.2588190451025208,-0.9659258262890683,1,3,1.0,0.6931471805599453,0,1.0,0.0,0,0,5.7
1.697836032995106,12,77.55,0,0,1.2246467991473532e-16,-1.0,1,2,2.882647194936559,0.9924499824010115,0,1.697836032995106,0.0,0,0,4.2
12.586832598530455,1,179.67,0,1,0.25881904510252074,0.9659258262890683,1,1,158.42835486342892,2.6091011324575537,2,12.586832598530455,0.0,0,0,2.7
10.756497823175357,2,240.23,0,1,0.49999999999999994,0.8660254037844387,2,2,115.7022454199762,2.464406093966263,1,21.512995646350713,0.0,0,0,5.4
1.0,6,67.8,0,0,1.0,6.123233995736766e-17,1,2,1.0,0.6931471805599453,0,1.0,0.0,0,0,4.2
2.50992973866705,20,200.64,1,0,-0.8660254037844386,0.5000000000000001,1,2,6.299747293045245,1.255596019803647,0,2.50992973866705,2.50992973866705,1,2,6.2
2.62761578950931,17,245.14,1,0,-0.9659258262890683,-0.25881904510252063,3,2,6.904364737278635,1.288575625186641,0,7.88284736852793,2.62761578950931,3,2,8.6
11.144147228278518,2,235.13,0,1,0.49999999999999994,0.8660254037844387,1,3,124.19201744554778,2.4968473441205057,1,11.144147228278518,0.0,0,0,5.7
1.0,9,148.08,1,0,0.7071067811865476,-0.7071067811865475,1,2,1.0,0.6931471805599453,0,1.0,1.0,1,2,6.2
1.099360586013728,21,144.98,1,0,-0.7071067811865477,0.7071067811865474,3,1,1.2085936980804477,0.7416328155144568,0,3.2980817580411843,1.099360586013728,3,1,7.1
16.090184272962414,6,227.81,0,0,1.0,6.123233995736766e-17,1,1,258.894029937887,2.838504279571558,2,16.090184272962414,0.0,0,0,2.7
1.9667770945178533,8,129.79,1,0,0.8660254037844387,-0.4999999999999998,1,1,3.868212139520089,1.0874762102484172,0,1.9667770945178533,1.9667770945178533,1,1,4.7
10.576990889205769,16,174.28,0,0,-0.8660254037844385,-0.5000000000000004,1,1,111.87273627034185,2.449019584249607,1,10.576990889205769,0.0,0,0,2.7
2.7204862220899524,10,161.04,1,0,0.49999999999999994,-0.8660254037844387,1,1,7.4010452845812615,1.3138543646068093,0,2.7204862220899524,2.7204862220899524,1,1,4.7
1.0474003348487133,6,60.33,0,0,1.0,6.123233995736766e-17,2,1,1.0970474614411967,0.7165708590517829,0,2.0948006696974266,0.0,0,0,3.9
2.786195164114473,23,102.79,0,1,-0.25881904510252157,0.9659258262890681,3,1,7.762883492534875,1.331361600353005,0,8.358585492343419,0.0,0,0,5.1
12.810948130970319,13,187.95,0,0,-0.2588190451025208,-0.9659258262890683,1,1,164.1203920144119,2.6254616204570196,2,12.810948130970319,0.0,0,0,2.7
19.358363374539294,18,867.84,1,0,-1.0,-1.8369701987210297e-16,2,3,374.7462325407044,3.013491804096675,2,38.71672674907859,19.358363374539294,2,3,8.9
17.732509999755642,3,387.41,0,1,0.7071067811865476,0.7071067811865476,2,3,314.44191089143385,2.930260517074718,2,35.465019999511284,0.0,0,0,6.9
5.061424894750885,5,92.27,0,1,0.9659258262890683,0.25881904510252074,1,1,25.618021965204004,1.801944903589238,1,5.061424894750885,0.0,0,0,2.7
11.02876778404595,9,552.61,1,0,0.7071067811865476,-0.7071067811865475,2,3,121.63371883440982,2.487301096149062,1,22.0575355680919,11.02876778404595,2,3,8.9
2.293934103289808,6,86.69,0,0,1.0,6.123233995736766e-17,1,2,5.2621336702360155,1.1920826264824265,0,2.293934103289808,0.0,0,0,4.2
3.4693358861251684,12,78.55,0,0,1.2246467991473532e-16,-1.0,1,1,12.036291490755907,1.4972398262510118,0,3.4693358861251684,0.0,0,0,2.7
22.665986286309042,13,314.3,0,0,-0.2588190451025208,-0.9659258262890683,1,1,513.7469343311495,3.1640388394941454,2,22.665986286309042,0.0,0,0,2.7
1.0,3,64.87,0,1,0.7071067811865476,0.7071067811865476,1,2,1.0,0.6931471805599453,0,1.0,0.0,0,0,4.2
1.0,7,148.76,1,0,0.9659258262890683,-0.25881904510252063,1,2,1.0,0.6931471805599453,0,1.0,1.0,1,2,6.2
2.330502802398152,4,122.39,0,1,0.8660254037844386,0.5000000000000001,3,2,5.43124331198564,1.203123284305408,0,6.9915084071944555,0.0,0,0,6.6
1.0,0,48.26,0,1,0.0,1.0,1,1,1.0,0.6931471805599453,0,1.0,0.0,0,0,2.7
2.0020300329027276,3,57.59,0,1,0.7071067811865476,0.7071067811865476,1,1,4.008124252644497,1.0992887374592715,0,2.0020300329027276,0.0,0,0,2.7
8.747687287443666,2,145.65,0,1,0.49999999999999994,0.8660254037844387,1,1,76.52203287890353,2.277030055585252,1,8.747687287443666,0.0,0,0,2.7
5.471863183678004,8,271.78,1,0,0.8660254037844387,-0.4999999999999998,2,1,29.941286700890785,1.8674640398043756,1,10.943726367356009,5.471863183678004,2,1,5.9
22.318630208218273,7,798.26,1,0,0.9659258262890683,-0.25881904510252063,2,1,498.12125437119323,3.149252620829918,2,44.63726041643655,22.318630208218273,2,1,5.9
17.006959030194785,0,293.25,0,1,0.0,1.0,2,1,289.236655454724,2.8907582959692966,2,34.01391806038957,0.0,0,0,3.9
4.1827280516903205,5,153.33,0,1,0.9659258262890683,0.25881904510252074,2,3,17.495213954397105,1.6453315685449426,0,8.365456103380641,0.0,0,0,6.9
3.0032625214727853,8,272.22,1,0,0.8660254037844387,-0.4999999999999998,3,3,9.019585772883072,1.3871096590423944,0,9.009787564418357,3.0032625214727853,3,3,10.1
4.7753980810853776,6,90.18,0,0,1.0,6.123233995736766e-17,1,1,22.804426832833908,1.7536071858218463,0,4.7753980810853776,0.0,0,0,2.7
8.923177501433052,3,231.0,0,1,0.7071067811865476,0.7071067811865476,2,3,79.62309672208102,2.294873182652099,1,17.846355002866105,0.0,0,0,6.9
3.120617098152729,12,88.98,0,0,1.2246467991473532e-16,-1.0,3,1,9.738251073283157,1.4160029332503965,0,9.361851294458187,0.0,0,0,5.1
9.785622455470875,16,212.12,0,0,-0.8660254037844385,-0.5000000000000004,3,1,95.75840684101584,2.378213993101118,1,29.356867366412626,0.0,0,0,5.1
5.266360392798112,1,116.29,0,1,0.25881904510252074,0.9659258262890683,3,1,27.734551786832686,1.835195706483783,1,15.799081178394335,0.0,0,0,5.1
8.030673665148445,4,177.15,0,1,0.8660254037844386,0.5000000000000001,1,2,64.49171951610876,2.2006269676527004,1,8.030673665148445,0.0,0,0,4.2
5.72925395091112,11,150.03,0,0,0.258819045102521,-0.9659258262890682,1,3,32.82435083403068,1.906464283263874,1,5.72925395091112,0.0,0,0,5.7
3.4879997526233315,20,218.23,1,0,-0.8660254037844386,0.5000000000000001,1,2,12.166142274300421,1.501407113100815,0,3.4879997526233315,3.4879997526233315,1,2,6.2
29.652672211522034,7,1017.03,1,0,0.9659258262890683,-0.25881904510252063,2,1,879.2809692839711,3.4227198432970916,3,59.30534442304407,29.652672211522034,2,1,5.9
14.422545037326362,5,276.85,0,1,0.9659258262890683,0.25881904510252074,1,2,208.00980535370726,2.7358304023325273,2,14.422545037326362,0.0,0,0,4.2
1.5095449812302086,7,130.89,1,0,0.9659258262890683,-0.25881904510252063,1,1,2.278726050357311,0.9201014543316531,0,1.5095449812302086,1.5095449812302086,1,1,4.7
20.285049277193238,17,968.01,1,0,-0.9659258262890683,-0.25881904510252063,3,3,411.4832241781579,3.058004914391048,2,60.855147831579714,20.285049277193238,3,3,10.1
6.683203296619165,2,164.24,0,1,0.49999999999999994,0.8660254037844387,1,2,44.66520630394127,2.0390365561132135,1,6.683203296619165,0.0,0,0,4.2
22.495394902897434,21,907.9,1,0,-0.7071067811865477,0.7071067811865474,3,1,506.04279183730387,3.1568044403683015,2,67.4861847086923,22.495394902897434,3,1,7.1
16.087144539299004,11,279.69,0,0,0.258819045102521,-0.9659258262890682,1,2,258.7962194282978,2.838326399451779,2,16.087144539299004,0.0,0,0,4.2
5.537566192586073,2,135.58,0,1,0.49999999999999994,0.8660254037844387,1,2,30.66463933727222,1.8775649544007504,1,5.537566192586073,0.0,0,0,4.2
1.0,21,111.06,1,0,-0.7071067811865477,0.7071067811865474,1,1,1.0,0.6931471805599453,0,1.0,1.0,1,1,4.7
3.129005477764867,5,114.03,0,1,0.9659258262890683,0.25881904510252074,2,2,9.790675279882544,1.4180365735596163,0,6.258010955529734,0.0,0,0,5.4
7.800877556797962,1,132.85,0,1,0.25881904510252074,0.9659258262890683,1,1,60.85369065615414,2.174851438875621,1,7.800877556797962,0.0,0,0,2.7
10.036973319345364,22,201.06,0,1,-0.5000000000000004,0.8660254037844384,1,2,100.7408334132507,2.401250847404964,1,10.036973319345364,0.0,0,0,4.2
2.982546799289389,11,151.66,0,0,0.258819045102521,-0.9659258262890682,3,3,8.895585409951378,1.3819215139670173,0,8.947640397868167,0.0,0,0,8.1
1.5007441883071553,1,95.47,0,1,0.25881904510252074,0.9659258262890683,1,3,2.2522331187377023,0.9165883629005087,0,1.5007441883071553,0.0,0,0,5.7
18.013870871623915,5,363.48,0,1,0.9659258262890683,0.25881904510252074,2,2,324.49954377954055,2.9451687586875193,2,36.02774174324783,0.0,0,0,5.4
40.0,16,731.87,0,0,-0.8660254037844385,-0.5000000000000004,2,2,1600.0,3.713572066704308,4,80.0,0.0,0,0,5.4
7.458945469720869,2,125.11,0,1,0.49999999999999994,0.8660254037844387,1,1,55.63586752026948,2.135224516879639,1,7.458945469720869,0.0,0,0,2.7
1.8835486366007392,1,107.95,0,1,0.25881904510252074,0.9659258262890683,2,2,3.5477554664405035,1.0590217011413248,0,3.7670972732014785,0.0,0,0,5.4
3.1787647172893285,22,73.62,0,1,-0.5000000000000004,0.8660254037844384,1,1,10.104545127883505,1.4300156806817943,0,3.1787647172893285,0.0,0,0,2.7
1.0,19,144.13,1,0,-0.9659258262890684,0.2588190451025203,2,1,1.0,0.6931471805599453,0,2.0,1.0,2,1,5.9
24.56888527693557,7,741.55,1,0,0.9659258262890683,-0.25881904510252063,1,1,603.6301237512215,3.2413761933952623,2,24.56888527693557,24.56888527693557,1,1,4.7
1.25281043846203,21,139.36,1,0,-0.7071067811865477,0.7071067811865474,2,1,1.5695339947194238,0.8121785205211133,0,2.50562087692406,1.25281043846203,2,1,5.9
8.592406688681558,11,178.68,0,0,0.258819045102521,-0.9659258262890682,1,2,73.82945270369959,2.2609718155630216,1,8.592406688681558,0.0,0,0,4.2
3.2028132860279293,3,92.43,0,1,0.7071067811865476,0.7071067811865476,2,1,10.258012945157022,1.4357541310599813,0,6.4056265720558585,0.0,0,0,3.9
8.078355154069852,4,180.82,0,1,0.8660254037844386,0.5000000000000001,1,2,65.25982199528694,2.205893025770645,1,8.078355154069852,0.0,0,0,4.2
10.53888633986027,12,156.47,0,0,1.2246467991473532e-16,-1.0,1,1,111.06812528449339,2.4457227520782454,1,10.53888633986027,0.0,0,0,2.7
17.7043919242236,14,243.59,0,0,-0.4999999999999997,-0.8660254037844388,1,1,313.44549340651383,2.928758358542665,2,17.7043919242236,0.0,0,0,2.7
2.3120252750453583,22,79.68,0,1,-0.5000000000000004,0.8660254037844384,1,2,5.345460872448564,1.1975598678481694,0,2.3120252750453583,0.0,0,0,4.2
1.0,15,78.16,0,0,-0.7071067811865471,-0.7071067811865479,3,1,1.0,0.6931471805599453,0,3.0,0.0,0,0,5.1
1.4720807068739052,9,132.13,1,0,0.7071067811865476,-0.7071067811865475,1,1,2.1670216075503763,0.9050601874742705,0,1.4720807068739052,1.4720807068739052,1,1,4.7
23.027715288531816,22,497.28,0,1,-0.5000000000000004,0.8660254037844384,3,2,530.275671409682,3.179207967763885,2,69.08314586559544,0.0,0,0,6.6
20.706013520531226,15,371.47,0,0,-0.7071067811865471,-0.7071067811865479,3,1,428.7389959124219,3.0775893429173555,2,62.11804056159367,0.0,0,0,5.1
9.098443101964925,11,250.42,0,0,0.258819045102521,-0.9659258262890682,2,3,82.78166687969312,2.312381263644836,1,18.19688620392985,0.0,0,0,6.9
9.175837185053469,16,147.89,0,0,-0.8660254037844385,-0.5000000000000004,1,1,84.19598804660997,2.3200160065732915,1,9.175837185053469,0.0,0,0,2.7
10.937342294075126,15,168.55,0,0,-0.7071067811865471,-0.7071067811865479,1,1,119.62545645776454,2.479671494752054,1,10.937342294075126,0.0,0,0,2.7
1.9282202863855216,11,91.92,0,0,0.258819045102521,-0.9659258262890682,2,2,3.7180334728286626,1.0743948276903827,0,3.856440572771043,0.0,0,0,5.4
24.582095607713015,7,745.52,1,0,0.9659258262890683,-0.25881904510252063,1,1,604.2794244667435,3.2418927164742994,2,24.582095607713015,24.582095607713015,1,1,4.7
5.426096343463181,19,245.97,1,0,-0.9659258262890684,0.2588190451025203,1,1,29.4425215285445,1.860367253339319,1,5.426096343463181,5.426096343463181,1,1,4.7
4.8311079932786845,2,126.06,0,1,0.49999999999999994,0.8660254037844387,2,1,23.339604442721196,1.7632070326102214,0,9.662215986557369,0.0,0,0,3.9
7.31716932622681,15,158.27,0,0,-0.7071067811865471,-0.7071067811865479,3,1,53.54096694867451,2.118321971730265,1,21.95150797868043,0.0,0,0,5.1
1.0,12,106.92,0,0,1.2246467991473532e-16,-1.0,2,3,1.0,0.6931471805599453,0,2.0,0.0,0,0,6.9
1.8186170504927233,22,57.92,0,1,-0.5000000000000004,0.8660254037844384,1,1,3.3073679763428525,1.0362463570341796,0,1.8186170504927233,0.0,0,0,2.7
13.395390904239633,18,608.59,1,0,-1.0,-1.8369701987210297e-16,2,2,179.4364974773859,2.666908079252199,2,26.790781808479267,13.395390904239633,2,2,7.4
1.0,7,173.28,1,0,0.9659258262890683,-0.25881904510252063,1,3,1.0,0.6931471805599453,0,1.0,1.0,1,3,7.7
9.242022189851156,21,338.37,1,0,-0.7071067811865477,0.7071067811865474,1,1,85.41497415770115,2.3264990795925082,1,9.242022189851156,9.242022189851156,1,1,4.7
2.815000336004408,4,142.34,0,1,0.8660254037844386,0.5000000000000001,3,3,7.9242268917049286,1.3389407528109663,0,8.445001008013223,0.0,0,0,8.1
4.931422569251883,19,229.56,1,0,-0.9659258262890684,0.2588190451025203,1,1,24.318928556526846,1.780264077874139,0,4.931422569251883,4.931422569251883,1,1,4.7
3.4065219195414596,7,231.09,1,0,0.9659258262890683,-0.25881904510252063,1,3,11.60439158831643,1.4830856979106797,0,3.4065219195414596,3.4065219195414596,1,3,7.7
4.395484777228535,23,101.92,0,1,-0.25881904510252157,0.9659258262890681,1,1,19.32028642684778,1.6855624514347658,0,4.395484777228535,0.0,0,0,2.7
12.695639866386868,11,313.68,0,0,0.258819045102521,-0.9659258262890682,3,2,161.17927161699157,2.6170775242513113,2,38.0869195991606,0.0,0,0,6.6
3.5257153960555088,0,90.03,0,1,0.0,1.0,2,1,12.430669053982854,1.5097756632314296,0,7.0514307921110175,0.0,0,0,3.9
8.356435307057023,20,358.13,1,0,-0.8660254037844386,0.5000000000000001,2,1,69.8300110410292,2.2360643746871487,1,16.712870614114046,8.356435307057023,2,1,5.9
6.463597866902617,19,349.33,1,0,-0.9659258262890684,0.2588190451025203,2,2,41.77809738502806,2.010037585740849,1,12.927195733805235,6.463597866902617,2,2,7.4
10.896659230926783,5,210.22,0,1,0.9659258262890683,0.25881904510252074,1,2,118.73718239494187,2.476257623806595,1,10.896659230926783,0.0,0,0,4.2
27.61921647512969,21,833.61,1,0,-0.7071067811865477,0.7071067811865474,1,1,762.8211187000753,3.3540783969237027,3,27.61921647512969,27.61921647512969,1,1,4.7
13.189052712550428,17,437.61,1,0,-0.9659258262890683,-0.25881904510252063,1,1,173.9511114544338,2.6524707315475538,2,13.189052712550428,13.189052712550428,1,1,4.7
2.4199561324404733,7,189.29,1,0,0.9659258262890683,-0.25881904510252063,1,2,5.856187682936254,1.2296277242204585,0,2.4199561324404733,2.4199561324404733,1,2,6.2
1.0,6,75.78,0,0,1.0,6.123233995736766e-17,1,2,1.0,0.6931471805599453,0,1.0,0.0,0,0,4.2
3.041693020055879,0,147.86,0,1,0.0,1.0,3,3,9.251896428256655,1.3966636685603762,0,9.125079060167637,0.0,0,0,8.1
9.040606518730973,20,397.54,1,0,-0.8660254037844386,0.5000000000000001,1,2,81.73256622652097,2.306637522671127,1,9.040606518730973,9.040606518730973,1,2,6.2
1.0,15,76.74,0,0,-0.7071067811865471,-0.7071067811865479,1,3,1.0,0.6931471805599453,0,1.0,0.0,0,0,5.7
6.859059560261889,11,164.4,0,0,0.258819045102521,-0.9659258262890682,1,2,47.04669805122001,2.0616669504609813,1,6.859059560261889,0.0,0,0,4.2
9.084288399875602,5,149.99,0,1,0.9659258262890683,0.25881904510252074,1,1,82.52429573211442,2.3109786086663715,1,9.084288399875602,0.0,0,0,2.7
4.068318779381004,19,272.16,1,0,-0.9659258262890684,0.2588190451025203,3,1,16.551217690664142,1.6230091609110915,0,12.204956338143012,4.068318779381004,3,1,7.1
14.736499591467346,1,289.12,0,1,0.25881904510252074,0.9659258262890683,1,2,217.16442020931726,2.7559828288966792,2,14.736499591467346,0.0,0,0,4.2
1.12718914764678,13,70.07,0,0,-0.2588190451025208,-0.9659258262890683,1,2,1.270555374572674,0.7548014592256769,0,1.12718914764678,0.0,0,0,4.2
1.0,3,56.37,0,1,0.7071067811865476,0.7071067811865476,2,1,1.0,0.6931471805599453,0,2.0,0.0,0,0,3.9
13.026474102163927,0,194.35,0,1,0.0,1.0,1,1,169.6890275343475,2.640946551209214,2,13.026474102163927,0.0,0,0,2.7
6.841702266630686,22,179.1,0,1,-0.5000000000000004,0.8660254037844384,1,3,46.808889905219466,2.059455936639662,1,6.841702266630686,0.0,0,0,5.7
11.660426557331409,17,483.02,1,0,-0.9659258262890683,-0.25881904510252063,1,2,135.96554749891962,2.5384811094605406,1,11.660426557331409,11.660426557331409,1,2,6.2
5.706239991288573,12,119.52,0,0,1.2246467991473532e-16,-1.0,2,1,32.56117483818102,1.903038434950438,1,11.412479982577146,0.0,0,0,3.9
2.828962537585316,1,99.18,0,1,0.25881904510252074,0.9659258262890683,3,1,8.00302903906115,1.3425938885834445,0,8.486887612755948,0.0,0,0,5.1
17.09823698571196,8,633.31,1,0,0.8660254037844387,-0.4999999999999998,2,1,292.3497080195684,2.895814529423381,2,34.19647397142392,17.09823698571196,2,1,5.9
16.0652156396019,20,528.71,1,0,-0.8660254037844386,0.5000000000000001,1,1,258.0911535469094,2.837042218645776,2,16.0652156396019,16.0652156396019,1,1,4.7
11.864488197091214,1,249.16,0,1,0.25881904510252074,0.9659258262890683,3,1,140.76608017891672,2.5544706623610316,1,35.593464591273644,0.0,0,0,5.1
3.1765361498803206,8,173.84,1,0,0.8660254037844387,-0.4999999999999998,1,1,10.090381911496491,1.4294822307205575,0,3.1765361498803206,3.1765361498803206,1,1,4.7
8.921608797234642,0,172.71,0,1,0.0,1.0,1,2,79.59510353089455,2.2947150852880793,1,8.921608797234642,0.0,0,0,4.2
4.478099755798221,10,216.86,1,0,0.49999999999999994,-0.8660254037844387,1,1,20.053377422880086,1.7007582809339756,0,4.478099755798221,4.478099755798221,1,1,4.7
1.0,2,76.54,0,1,0.49999999999999994,0.8660254037844387,1,3,1.0,0.6931471805599453,0,1.0,0.0,0,0,5.7
24.926998435376415,19,1076.68,1,0,-0.9659258262890684,0.2588190451025203,2,3,621.3552509972583,3.255284836405096,2,49.85399687075283,24.926998435376415,2,3,8.9
1.4713044881952002,22,72.6,0,1,-0.5000000000000004,0.8660254037844384,2,1,2.16473689698334,0.9047461440993546,0,2.9426089763904004,0.0,0,0,3.9
30.004906531227626,3,638.95,0,1,0.7071067811865476,0.7071067811865476,3,2,900.2944159477062,3.4341454671618394,3,90.01471959368288,0.0,0,0,6.6
5.906010127908722,17,286.07,1,0,-0.9659258262890683,-0.25881904510252063,2,1,34.8809556309604,1.9323920655043334,1,11.812020255817444,5.906010127908722,2,1,5.9
